,Region,Region_code,price_period,price_period_code,price,number_bathrooms,number_bedrooms,Parking,Central Heating,Washing Machine,Dryer,Dishwasher,Microwave,Pets Allowed,Wheelchair Access,Garden / Patio / Balcony,Serviced Property
0,Dublin 2,8,month,0,2970,2,2,1,1,1,1,1,1,1,1,1,1
1,Dublin 2,8,month,0,3690,2,3,1,1,1,1,1,1,1,1,1,1
2,Dublin 2,8,month,0,4000,2,2,1,1,1,1,1,1,1,1,1,1
3,Dublin 1,0,month,0,2300,1,1,1,1,1,1,1,1,1,1,1,0
4,Dublin 1,0,month,0,2430,1,1,1,1,1,1,1,1,1,1,1,0
5,Dublin 1,0,month,0,2550,2,2,1,1,1,1,1,1,1,1,1,0
6,Dublin 15,5,month,0,1800,1,1,1,1,1,1,1,1,0,1,1,0
7,Dublin 15,5,month,0,2200,2,2,1,1,1,1,1,1,0,1,1,0
8,Dublin 14,4,month,0,2100,1,1,1,1,1,1,1,1,1,0,1,0
9,Dublin 14,4,month,0,2500,2,2,1,1,1,1,1,1,1,0,1,0
10,Dublin 14,4,month,0,3325,2,2,1,1,1,1,1,1,1,0,1,0
11,Dublin Fingal K67,21,month,0,1750,1,1,0,1,1,0,1,0,0,0,1,0
12,Dublin Fingal K67,21,month,0,2000,2,2,0,1,1,0,1,0,0,0,1,0
13,Dublin Fingal K67,21,month,0,2500,2,3,0,1,1,0,1,0,0,0,1,0
14,Dublin 9,19,month,0,1650,1,1,1,0,1,1,1,1,1,1,1,1
15,Dublin 9,19,month,0,1775,2,2,1,0,1,1,1,1,1,1,1,1
16,Dublin 8,18,month,0,1900,1,1,1,1,1,1,1,1,1,1,1,1
17,Dublin 8,18,month,0,2200,2,2,1,1,1,1,1,1,1,1,1,1
18,Dublin 8,18,month,0,2700,2,3,1,1,1,1,1,1,1,1,1,1
19,Dublin 4,13,month,0,4000,3,2,1,1,1,1,1,1,1,0,1,0
20,Dublin 4,13,month,0,5000,3,2,1,1,1,1,1,1,1,0,1,0
21,Dublin 4,13,month,0,5500,4,3,1,1,1,1,1,1,1,0,1,0
22,Dublin 24,11,month,0,1575,1,1,0,1,1,0,1,1,0,1,1,0
23,Dublin 6W,16,month,0,2050,1,1,1,1,1,1,1,1,1,0,1,0
24,Dublin 6W,16,month,0,2300,2,2,1,1,1,1,1,1,1,0,1,0
25,Dublin 6W,16,month,0,2950,2,3,1,1,1,1,1,1,1,0,1,0
26,Dublin 2,8,month,0,2800,1,1,1,1,1,1,1,1,0,0,1,0
27,Dublin 2,8,month,0,3572,2,2,1,1,1,1,1,1,0,0,1,0
28,Dublin 2,8,month,0,4000,2,2,1,1,1,1,1,1,0,0,1,0
29,Dublin 9,19,month,0,1950,2,2,1,1,1,1,1,1,0,0,1,1
30,Dublin 9,19,month,0,2100,2,2,1,1,1,1,1,1,0,0,1,1
31,Dublin 9,19,month,0,2500,2,3,1,1,1,1,1,1,0,0,1,1
32,Dublin 2,8,month,0,2850,2,2,0,1,1,1,1,1,0,0,1,0
33,Dublin 4,13,month,0,2200,2,2,1,1,1,1,1,1,0,0,0,0
34,Dublin 4,13,month,0,2250,2,2,1,1,1,1,1,1,0,0,0,0
35,Dublin 4,13,month,0,2300,2,2,1,1,1,1,1,1,0,0,0,0
36,Dublin 8,18,month,0,2100,2,2,1,1,1,1,1,1,0,0,1,0
37,Dublin 8,18,month,0,2650,2,3,1,1,1,1,1,1,0,0,1,0
38,Dublin 1,0,month,0,1500,1,2,0,1,1,1,1,1,0,1,1,1
39,Dublin 1,0,month,0,1600,2,2,0,1,1,1,1,1,0,1,1,1
40,Dublin 1,0,month,0,1650,2,2,0,1,1,1,1,1,0,1,1,1
41,Dublin 8,18,month,0,1750,1,1,0,1,1,0,1,1,0,0,1,0
42,Dublin 8,18,month,0,2100,1,2,0,1,1,0,1,1,0,0,1,0
43,Dublin 8,18,month,0,1700,1,1,1,1,1,1,1,1,0,0,1,0
44,Dublin 8,18,month,0,1800,1,1,1,1,1,1,1,1,0,0,1,0
45,Dublin 8,18,month,0,2100,2,2,1,1,1,1,1,1,0,0,1,0
46,Dublin 1,0,month,0,1447,1,1,1,1,1,0,1,0,0,0,0,0
47,Dublin 1,0,month,0,1910,1,2,1,1,1,0,1,0,0,0,0,0
48,Dublin 1,0,month,0,1950,1,2,1,1,1,0,1,0,0,0,0,0
49,Dublin 18,7,month,0,2000,2,2,1,1,1,1,1,1,0,0,1,0
50,Dublin 1,0,month,0,1800,1,1,1,1,1,1,1,1,0,0,1,0
51,Dublin 1,0,month,0,2150,1,2,1,1,1,1,1,1,0,0,1,0
52,Dublin 6,15,month,0,1900,1,1,1,1,1,0,1,1,0,0,1,0
53,Dublin 6,15,month,0,2300,2,2,1,1,1,0,1,1,0,0,1,0
54,Dublin 6,15,month,0,2550,2,2,1,1,1,0,1,1,0,0,1,0
55,Dun Laoghaire A9X,24,month,0,1750,1,1,1,1,1,1,1,1,0,0,1,0
56,Dun Laoghaire A9X,24,month,0,2600,2,3,1,1,1,1,1,1,0,0,1,0
57,Dublin 18,7,month,0,1800,1,1,1,1,1,1,1,1,0,0,1,0
58,Dublin 18,7,month,0,1900,2,2,1,1,1,1,1,1,0,0,1,0
59,Dublin 18,7,month,0,2800,2,3,1,1,1,1,1,1,0,0,1,0
60,Dun Laoghaire A96,23,month,0,2200,2,2,1,1,1,1,1,1,1,1,1,1
61,Dun Laoghaire A9X,24,month,0,2600,2,3,1,1,1,0,1,1,0,1,1,1
62,Dublin Fingal K36,20,month,0,2000,2,2,1,1,1,1,0,1,0,0,1,0
63,Dublin 9,19,week,1,125,1,1,1,1,0,0,0,1,0,0,0,1
64,Dublin 1,0,week,1,230,1,1,0,0,1,0,1,1,0,1,1,0
65,Dublin 1,0,week,1,250,1,1,0,0,1,0,1,1,0,1,1,0
66,Dublin 7,17,week,1,247,1,1,0,1,1,1,1,1,0,0,1,0
67,Dublin 1,0,week,1,240,1,1,0,1,1,0,1,1,0,0,1,0
68,Dun Laoghaire A9X,24,week,1,230,1,1,0,1,1,1,1,1,0,0,0,0
69,Dun Laoghaire A9X,24,week,1,240,1,1,0,1,1,1,1,1,0,0,0,0
70,Dublin 2,8,month,0,2100,1,1,1,1,1,1,1,1,1,0,1,0
71,Dublin 2,8,month,0,2350,2,2,1,1,1,1,1,1,1,0,1,0
72,Dublin 8,18,month,0,2300,1,1,1,1,1,1,1,1,1,1,1,0
73,Dublin 8,18,month,0,2350,1,1,1,1,1,1,1,1,1,1,1,0
74,Dublin 2,8,month,0,2300,1,1,0,1,1,1,1,1,0,0,0,1
75,Dublin 2,8,month,0,3100,1,2,0,1,1,1,1,1,0,0,0,1
76,Dublin 1,0,month,0,1425,1,1,0,1,1,0,1,1,0,0,0,0
77,Dun Laoghaire A96,23,month,0,1795,1,1,1,1,1,0,1,1,0,0,1,0
78,Dun Laoghaire A96,23,month,0,2171,2,2,1,1,1,0,1,1,0,0,1,0
79,Dublin 18,7,month,0,1720,1,1,1,1,1,1,1,1,0,0,1,0
80,Dublin 18,7,month,0,2050,2,2,1,1,1,1,1,1,0,0,1,0
81,Dublin 1,0,month,0,1577,1,1,0,0,1,0,1,1,0,0,0,0
82,Dun Laoghaire A96,23,month,0,1856,1,1,1,1,1,0,1,1,0,1,1,1
83,Dun Laoghaire A96,23,month,0,2100,2,2,1,1,1,0,1,1,0,1,1,1
84,Dublin 4,13,month,0,1595,1,1,1,1,1,1,0,1,0,0,1,0
85,Dublin 8,18,week,1,1620,6,6,0,0,1,1,0,0,0,1,1,1
86,Dublin 18,7,month,0,1800,1,1,1,1,1,0,1,1,0,0,1,0
87,Dublin 18,7,month,0,1995,2,2,1,1,1,0,1,1,0,0,1,0
88,South Dublin K78,25,month,0,1795,2,2,1,1,1,1,1,1,0,0,1,0
89,Dublin 14,4,month,0,2300,2,2,1,1,1,1,1,1,0,1,1,0
90,Dublin 14,4,month,0,2300,2,2,1,1,1,1,1,1,0,1,1,0
91,Dun Laoghaire A96,23,month,0,1790,1,1,1,1,1,0,1,1,0,1,1,1
92,Dublin Fingal K67,21,month,0,1777,1,2,1,1,1,0,0,0,0,0,0,0
93,Dublin 1,0,month,0,1850,1,2,0,1,1,1,1,1,0,1,0,0
94,Dun Laoghaire A96,23,month,0,1891,1,1,1,1,1,0,1,1,0,0,0,0
95,Dun Laoghaire A96,23,month,0,2129,2,2,1,1,1,0,1,1,0,0,0,0
96,Dublin 1,0,month,0,2650,1,3,1,0,1,0,1,1,0,0,0,0
97,Dublin 1,0,month,0,2950,2,3,1,0,1,0,1,1,0,0,0,0
98,Dublin 24,11,month,0,1400,1,1,1,0,1,1,0,1,0,0,1,1
99,Dublin 24,11,month,0,1625,1,2,1,0,1,1,0,1,0,0,1,1
100,Dublin 2,8,month,0,2800,2,2,1,1,1,1,1,1,1,0,1,0
101,Dublin 2,8,month,0,3200,3,2,1,1,1,1,1,1,1,0,1,0
102,Dublin 14,4,month,0,1975,1,1,1,1,1,1,1,1,1,0,1,0
103,Dublin 8,18,week,1,240,6,6,0,1,1,0,0,1,0,0,1,0
104,Dublin 8,18,week,1,240,1,2,0,1,1,0,0,1,0,0,1,0
105,Dublin 7,17,week,1,218,1,1,0,1,0,0,0,0,0,0,1,0
106,Dublin 7,17,week,1,220,1,1,0,1,0,0,0,0,0,0,1,0
107,Dublin 8,18,week,1,215,4,8,0,1,0,0,0,0,0,0,1,0
108,Dublin 8,18,week,1,220,4,8,0,1,0,0,0,0,0,0,1,0
109,Dun Laoghaire A96,23,month,0,2200,2,2,1,1,1,1,1,1,1,1,1,1
110,Dublin 8,18,week,1,224,6,6,0,1,0,0,0,0,0,0,1,0
111,Dublin 8,18,week,1,228,6,6,0,1,0,0,0,0,0,0,1,0
112,Dublin 7,17,week,1,225,8,8,0,1,0,0,0,0,0,1,1,0
113,Dublin 7,17,week,1,230,8,8,0,1,0,0,0,0,0,1,1,0
114,Dublin 1,0,month,0,1650,1,1,0,1,0,0,1,1,0,0,1,0
115,Dublin 1,0,month,0,1750,1,1,0,1,0,0,1,1,0,0,1,0
116,South Dublin K78,25,month,0,1900,2,2,1,1,1,0,1,0,0,0,1,0
117,South Dublin K78,25,month,0,2150,2,3,1,1,1,0,1,0,0,0,1,0
118,Dublin 2,8,month,0,1650,1,1,0,1,1,0,1,1,0,0,0,0
119,Dublin 1,0,month,0,3500,3,3,1,1,1,1,1,1,0,0,0,0
120,Dun Laoghaire A9X,24,month,0,2750,2,2,1,1,1,0,1,1,0,0,1,0
121,Dublin 1,0,month,0,1950,1,2,0,0,1,1,1,1,0,0,1,0
122,Dublin 1,0,month,0,2000,1,2,0,1,1,1,1,1,0,0,1,0
123,Dublin 4,13,month,0,2500,1,2,1,1,1,1,1,1,0,0,1,0
124,Dublin 1,0,month,0,1800,3,2,0,1,1,1,0,1,0,0,1,0
125,Dublin 2,8,week,1,595,1,2,0,1,1,1,0,1,0,0,0,0
126,Dublin 2,8,month,0,1950,1,2,0,0,1,0,0,1,0,0,0,0
127,Dublin 8,18,month,0,1650,1,1,1,0,0,0,0,0,0,1,0,0
128,Dublin 2,8,month,0,3850,2,2,1,0,0,0,0,0,0,0,0,0
129,Dublin 2,8,month,0,2000,2,2,0,1,1,1,0,0,0,0,1,0
130,Dublin 3,12,month,0,1100,1,1,1,0,0,0,0,0,1,1,0,0
131,Dublin 8,18,month,0,1700,1,2,0,1,1,1,0,1,0,0,0,0
132,Dublin 2,8,month,0,1738,2,2,0,0,1,0,0,1,0,0,0,0
133,Dublin 2,8,month,0,1850,1,2,1,0,1,1,1,1,0,0,1,0
134,Dublin 4,13,week,1,1160,2,3,1,1,1,1,1,1,0,0,0,0
135,Dun Laoghaire A9X,24,month,0,2225,2,2,0,1,1,1,0,1,0,0,0,0
136,Dublin 18,7,month,0,2108,2,2,1,0,1,1,1,1,0,0,1,0
137,Dublin 2,8,month,0,1600,1,2,0,0,1,1,0,1,0,0,1,0
138,Dublin 7,17,month,0,1800,1,2,1,0,1,1,0,1,0,0,1,0
139,Dublin 2,8,week,1,800,2,2,1,1,1,1,1,1,0,0,1,1
140,Dun Laoghaire A9X,24,month,0,2808,2,3,1,0,1,0,1,1,0,0,1,0
141,Dun Laoghaire A94,22,month,0,2100,2,2,1,1,1,1,1,0,0,0,1,0
142,Dublin 18,7,month,0,2200,2,2,1,1,1,1,1,1,0,0,1,0
143,Dun Laoghaire A94,22,month,0,2700,2,2,1,1,1,1,1,1,0,0,1,0
144,Dublin 4,13,month,0,4500,2,2,1,1,1,1,1,1,0,0,0,0
145,Dublin 4,13,month,0,3250,1,1,1,1,1,1,1,1,0,0,0,0
146,Dublin 2,8,month,0,1450,1,1,0,1,1,0,0,1,0,0,1,0
147,Dublin 4,13,month,0,5000,2,2,1,1,1,1,1,1,0,0,0,0
148,Dublin 4,13,month,0,5000,2,2,1,1,1,1,1,1,1,0,1,0
149,Dublin 4,13,month,0,3500,1,1,1,1,1,1,1,1,1,0,1,0
150,Dublin 4,13,month,0,2500,2,2,1,1,1,1,1,1,0,0,1,0
151,Dublin 4,13,month,0,1790,1,1,1,1,1,1,0,1,0,0,1,0
152,Dublin 1,0,month,0,1500,1,1,0,0,1,0,0,1,1,0,0,1
153,Dublin 1,0,month,0,2500,1,1,0,1,1,0,1,1,1,0,1,0
154,Dublin 1,0,month,0,2000,1,2,1,0,0,0,0,0,0,1,0,0
155,Dublin 2,8,month,0,2200,1,2,1,0,0,0,0,0,1,0,0,0
156,Dublin 4,13,month,0,1950,1,1,1,1,1,0,1,1,0,0,0,0
157,Dublin 9,19,month,0,2350,1,2,1,1,1,1,0,1,0,0,1,0
158,Dublin 1,0,month,0,1600,1,1,0,0,1,1,0,1,0,0,1,0
159,Dublin 4,13,month,0,3500,2,3,1,1,1,1,1,1,1,0,0,1
160,Dun Laoghaire A94,22,month,0,2080,1,2,1,1,1,1,1,0,0,0,1,0
161,Dublin 1,0,month,0,1700,1,1,1,1,1,0,0,0,0,0,0,0
162,Dublin 6,15,month,0,1400,1,1,1,0,0,0,0,0,0,0,0,0
163,Dublin 18,7,month,0,1625,1,1,1,1,1,1,1,0,0,0,1,0
164,Dublin 14,4,month,0,1700,1,1,1,1,1,0,0,1,0,0,0,0
165,Dublin 2,8,month,0,2025,2,2,0,1,1,1,1,1,0,0,1,0
166,Dublin 1,0,month,0,1900,1,2,1,1,1,1,1,1,0,0,1,0
167,Dublin 1,0,month,0,1850,2,2,0,1,1,1,1,1,0,0,1,0
168,Dublin 1,0,month,0,1497,1,1,1,1,1,1,0,1,0,0,1,0
169,Dublin 1,0,month,0,1600,1,1,1,1,1,1,1,1,0,0,1,0
170,Dun Laoghaire A94,22,month,0,1975,2,2,0,1,1,1,1,1,0,0,1,0
171,Dublin 2,8,month,0,3000,2,2,1,1,1,1,1,0,0,0,1,0
172,Dublin 4,13,month,0,1950,2,2,0,1,1,1,1,1,0,0,1,0
173,Dublin 4,13,month,0,3150,2,3,1,1,1,1,1,1,1,1,1,0
174,Dublin 2,8,month,0,1700,1,1,0,1,1,1,1,1,0,0,0,0
175,Dublin 4,13,month,0,1600,1,2,1,1,1,0,0,1,0,0,1,0
176,Dun Laoghaire A94,22,month,0,1995,1,2,1,0,0,0,0,0,0,0,0,0
177,Dublin 13,3,month,0,1950,1,2,1,1,1,0,0,1,0,0,1,0
178,Dublin 8,18,month,0,1400,1,1,0,0,1,0,0,0,0,0,0,0
179,Dublin 3,12,month,0,1850,2,2,0,1,1,1,1,1,0,1,1,0
180,Dublin 8,18,month,0,1950,1,2,0,1,1,1,0,1,0,0,1,0
181,Dublin 2,8,month,0,1650,1,1,1,0,1,1,0,1,0,0,0,0
182,Dublin 2,8,month,0,1700,1,1,1,1,1,1,0,1,0,0,0,0
183,Dublin 4,13,month,0,2250,1,2,1,0,0,0,0,0,0,1,0,0
184,Dublin 1,0,month,0,2500,2,3,0,0,1,0,0,0,0,0,0,0
185,Dublin 8,18,month,0,1900,1,1,1,1,1,1,1,1,1,1,1,1
186,Dublin 16,6,month,0,1600,1,1,1,1,1,0,1,1,0,0,1,1
187,Dublin Fingal K36,20,month,0,1950,2,2,1,0,0,0,0,0,0,0,0,0
188,Dublin 1,0,month,0,2250,1,3,1,1,1,0,0,1,0,0,0,0
189,Dublin 8,18,month,0,1450,1,1,0,1,1,0,0,1,0,0,0,1
190,Dublin 4,13,month,0,2000,1,2,1,1,1,1,1,1,0,0,1,0
191,Dublin 8,18,month,0,1400,1,1,0,1,1,1,0,1,0,0,0,1
192,Dublin 15,5,month,0,1800,2,2,1,1,1,0,1,1,0,0,1,0
193,Dublin 1,0,month,0,2282,2,2,1,0,0,0,0,0,0,0,0,0
194,Dublin 6,15,month,0,1850,2,2,0,0,1,1,1,1,0,0,0,0
195,Dublin 1,0,month,0,1675,1,2,0,0,1,1,0,1,0,0,1,0
196,Dublin 6,15,month,0,1550,1,1,0,0,1,1,0,1,0,0,1,0
197,Dublin 1,0,month,0,1640,1,2,0,1,1,1,0,1,0,0,0,0
198,Dublin 8,18,month,0,1200,1,1,1,1,1,1,0,1,0,0,0,1
199,Dublin 8,18,month,0,1900,2,2,0,1,1,1,1,1,0,0,1,0
200,Dublin 8,18,month,0,1650,1,1,0,0,1,1,1,1,0,0,1,0
201,Dublin 6,15,month,0,1750,1,1,1,0,1,0,1,1,0,0,1,0
202,Dublin 1,0,month,0,1700,1,1,0,1,1,0,0,0,0,0,0,0
203,Dublin 2,8,month,0,2300,2,2,0,1,1,0,1,1,0,0,0,0
204,Dublin 6,15,month,0,1500,1,1,1,1,1,1,0,1,0,0,0,0
205,Dublin 24,11,month,0,1875,2,2,0,1,1,0,0,1,0,0,1,0
206,Dublin 20,9,month,0,1500,1,1,1,1,1,1,1,1,0,0,1,1
207,Dublin 4,13,month,0,1695,1,1,1,0,1,1,1,1,1,0,0,0
208,Dublin 7,17,month,0,1700,2,2,1,0,0,0,0,0,0,0,0,0
209,Dun Laoghaire A96,23,month,0,1390,1,1,0,0,1,0,0,1,0,0,0,0
210,Dublin 9,19,month,0,1650,2,2,1,0,1,1,0,0,0,0,1,0
211,Dublin 1,0,month,0,1700,1,2,1,0,1,0,0,1,0,0,1,0
212,Dublin 8,18,month,0,1995,1,2,1,1,1,1,1,1,0,0,1,0
213,Dublin 6,15,month,0,2300,1,3,1,0,0,0,0,0,0,1,0,0
214,Dublin 2,8,month,0,1950,1,2,0,0,1,0,0,1,0,0,0,0
215,Dublin 8,18,week,1,425,1,2,1,0,0,0,0,0,0,0,0,0
216,Dublin 6,15,month,0,1850,2,2,0,1,1,1,1,1,0,0,1,0
217,Dublin 4,13,month,0,3200,2,3,1,1,1,1,1,1,0,0,1,0
218,Dublin 3,12,month,0,1541,1,1,1,1,1,1,1,1,0,0,1,0
219,Dublin 2,8,month,0,2400,2,3,1,1,1,0,1,1,0,0,1,0
220,Dublin 11,1,month,0,2300,2,2,1,1,1,0,1,1,0,1,1,1
221,Dun Laoghaire A96,23,month,0,2695,2,3,1,1,1,0,0,0,0,0,1,0
222,Dublin Fingal K36,20,month,0,2200,2,2,1,1,1,1,1,1,0,0,1,0
223,Dublin 1,0,month,0,1700,1,1,0,1,1,0,1,1,0,1,0,0
224,Dublin 2,8,month,0,1550,1,1,1,0,1,1,0,1,0,0,0,0
225,Dublin 1,0,month,0,1800,1,2,0,1,1,1,0,1,0,0,1,0
226,Dublin 7,17,month,0,1500,1,1,0,1,1,1,1,1,0,0,1,0
227,Dublin 1,0,month,0,1750,1,2,0,1,1,1,0,1,0,0,0,1
228,Dublin 7,17,month,0,1650,1,2,0,1,1,0,0,1,0,0,1,0
229,Dublin 9,19,month,0,1950,2,3,1,1,1,0,1,1,0,0,1,0
230,Dublin 1,0,month,0,1495,1,1,0,1,1,1,0,1,0,0,1,0
231,Dublin 1,0,month,0,890,1,1,0,1,1,1,0,1,0,0,0,1
232,Dublin 3,12,month,0,2000,2,2,1,1,1,1,1,1,1,0,1,0
233,Dublin 2,8,month,0,2200,1,2,0,1,1,1,1,1,0,0,0,0
234,Dublin 1,0,month,0,1900,1,2,0,1,1,1,1,1,0,0,0,0
235,Dublin 2,8,month,0,1700,1,1,0,1,1,1,0,1,0,0,1,0
236,Dublin 7,17,month,0,2000,2,2,1,1,1,1,1,1,0,0,1,0
237,Dublin 4,13,month,0,2500,1,2,1,1,0,0,0,0,0,0,1,0
238,Dublin 4,13,month,0,1900,1,1,1,1,1,1,1,1,0,0,0,0
239,Dublin 4,13,month,0,2500,2,2,1,1,1,0,1,1,0,0,0,0
240,Dublin 8,18,month,0,2400,1,2,0,1,1,1,1,0,0,0,0,0
241,Dun Laoghaire A94,22,month,0,2000,2,2,1,1,1,0,1,1,0,0,1,0
242,Dublin 8,18,month,0,1900,1,1,0,1,1,1,1,1,0,0,1,0
243,Dublin 8,18,month,0,1450,1,1,1,1,1,1,0,1,0,0,1,0
244,Dublin 6,15,month,0,2000,2,2,1,1,1,1,1,1,0,0,0,0
245,Dublin 4,13,month,0,2500,2,2,1,1,1,1,1,1,0,0,1,0
246,Dun Laoghaire A94,22,month,0,2095,2,2,1,0,1,1,1,0,0,0,1,0
247,Dublin 2,8,month,0,2350,2,2,1,1,1,0,1,1,0,0,0,0
248,Dublin 14,4,month,0,2100,2,2,1,1,1,0,0,1,0,0,1,0
249,Dublin 4,13,week,1,882,2,2,1,1,1,1,1,1,0,0,0,0
250,Dublin 4,13,week,1,826,1,1,1,1,1,1,1,1,0,0,0,0
251,Dublin 18,7,month,0,2000,2,2,0,1,1,1,1,1,0,0,1,0
252,Dun Laoghaire A9X,24,month,0,1890,2,2,0,0,1,1,1,1,0,0,1,0
253,Dublin 2,8,month,0,8500,4,4,1,1,1,1,1,1,0,0,1,0
254,Dublin 18,7,month,0,3208,2,3,1,1,1,1,1,1,0,0,1,0
255,Dublin 7,17,month,0,1558,1,1,1,0,1,1,1,1,0,0,1,0
256,Dublin 8,18,month,0,1690,1,2,1,1,1,0,0,1,0,0,1,0
257,Dublin 6,15,month,0,2600,2,2,1,1,1,0,1,1,0,0,1,0
258,Dublin 24,11,month,0,1550,1,1,0,1,1,0,1,1,0,0,0,1
259,Dublin 1,0,month,0,1995,2,2,1,0,1,1,1,1,0,0,1,0
260,Dublin 15,5,month,0,1782,2,2,1,0,1,1,1,1,0,0,1,0
261,Dublin 1,0,month,0,1595,1,1,0,1,1,1,0,1,0,0,1,0
262,Dublin 1,0,month,0,1850,1,2,0,1,1,1,0,1,0,0,1,0
263,Dublin 1,0,month,0,1595,1,1,1,1,1,1,0,1,0,0,1,0
264,Dublin 1,0,month,0,1600,1,2,0,1,1,0,0,1,0,0,0,0
265,Dublin 1,0,month,0,1495,1,1,0,1,1,1,0,1,0,0,0,0
266,Dublin 2,8,month,0,1750,1,1,0,1,1,0,1,1,0,1,1,0
267,Dublin 7,17,week,1,249,1,1,0,1,1,1,1,1,0,1,1,1
268,Dublin 2,8,month,0,2950,2,2,1,1,1,0,1,1,0,0,1,0
269,Dublin 2,8,month,0,2100,1,2,0,1,1,1,1,1,0,0,0,1
270,Dublin 2,8,month,0,3000,2,3,0,1,1,1,1,1,0,0,1,1
271,Dublin 2,8,month,0,1450,1,1,0,1,1,0,0,1,0,0,0,0
272,Dublin 2,8,month,0,3050,2,3,0,1,1,1,1,1,0,0,1,1
273,Dublin 1,0,month,0,1820,1,2,0,1,1,0,1,0,0,0,1,0
274,Dublin 2,8,month,0,1785,1,2,0,0,1,0,1,1,0,0,1,0
275,Dublin 2,8,week,1,550,2,1,1,1,1,1,1,1,0,0,1,1
276,Dublin 2,8,month,0,2700,2,2,1,1,1,1,1,1,0,0,0,0
277,Dublin 6,15,month,0,2100,1,2,1,1,1,1,1,0,0,0,1,0
278,Dun Laoghaire A96,23,month,0,2500,2,3,1,1,1,1,1,1,0,0,1,0
279,Dun Laoghaire A9X,24,month,0,2200,2,2,1,0,1,0,1,1,0,0,1,0
280,Dublin 4,13,month,0,1650,1,2,1,1,1,1,0,0,0,0,0,0
281,Dublin 4,13,month,0,1800,1,1,1,0,1,1,0,0,0,0,1,0
282,Dublin 4,13,month,0,2200,2,2,0,1,1,1,1,1,0,0,1,0
283,Dublin 6W,16,month,0,1900,1,2,1,1,1,0,0,1,0,0,1,0
284,South Dublin K78,25,month,0,1800,1,2,1,0,1,0,0,1,0,0,0,0
285,South Dublin K78,25,month,0,1500,2,1,1,0,1,0,0,1,0,0,1,0
286,South Dublin K78,25,month,0,1932,2,2,1,0,1,0,0,0,0,0,1,0
287,Dublin 2,8,month,0,1700,1,1,0,1,1,1,1,1,0,0,1,0
288,Dun Laoghaire A9X,24,month,0,2000,2,2,1,1,1,1,1,1,0,0,1,0
289,Dublin 14,4,month,0,3432,2,3,1,1,1,1,1,1,0,0,1,0
290,Dublin 15,5,month,0,1800,1,1,1,1,1,1,1,1,0,1,1,0
291,Dublin 8,18,month,0,1700,1,2,1,1,1,1,0,1,0,0,0,0
292,Dublin 1,0,month,0,1550,1,1,1,1,1,1,0,1,0,0,0,0
293,Dublin 8,18,month,0,1650,1,1,0,1,1,0,0,1,0,0,0,1
294,Dublin 4,13,month,0,1800,1,1,1,1,1,0,1,0,0,0,0,0
295,Dublin 1,0,month,0,2200,2,2,1,0,0,0,0,0,0,0,0,0
296,Dublin 4,13,month,0,2100,1,2,1,0,0,0,0,0,0,1,0,0
297,Dublin 1,0,week,1,392,1,1,0,1,1,1,0,1,0,0,0,0
298,Dublin 1,0,month,0,1980,1,2,1,1,1,1,0,1,0,0,0,0
299,Dublin 1,0,month,0,1950,1,1,0,1,1,1,0,1,0,0,1,0
300,Dublin 8,18,month,0,1449,1,1,0,0,1,0,0,1,0,0,0,1
301,Dublin 2,8,month,0,2000,2,2,1,1,0,0,1,1,0,0,0,1
302,Dublin 4,13,month,0,1700,1,1,1,1,1,0,1,1,0,0,0,0
303,Dublin 1,0,month,0,1900,2,2,1,1,1,1,1,1,0,1,1,0
304,Dublin 7,17,month,0,1500,1,1,1,0,1,1,0,1,0,0,0,0
305,Dublin 6,15,month,0,2000,3,2,0,1,1,1,1,1,0,0,0,1
306,Dublin 13,3,month,0,1800,2,2,1,0,0,0,0,0,0,0,0,0
307,Dublin 4,13,month,0,1900,1,1,0,1,0,0,1,1,0,0,0,1
308,Dublin 8,18,month,0,1550,1,2,0,0,1,0,0,0,0,0,1,0
309,Dublin 8,18,month,0,1825,1,2,1,1,1,1,0,1,0,0,1,0
310,Dublin 1,0,month,0,1700,2,2,0,1,1,1,1,1,0,0,1,0
311,Dublin 4,13,month,0,2450,1,2,1,1,1,1,0,1,0,0,1,0
312,Dun Laoghaire A94,22,month,0,2300,2,2,1,1,1,0,1,0,0,0,1,0
313,Dublin 8,18,month,0,1400,1,1,0,1,1,0,0,1,0,0,1,0
314,Dublin 1,0,month,0,1310,1,1,0,0,1,1,0,0,0,0,1,0
315,Dublin 6,15,month,0,1900,3,2,1,1,1,1,0,1,0,0,0,0
316,Dublin 14,4,month,0,1925,2,2,1,1,1,0,1,1,0,0,1,0
317,Dublin 14,4,month,0,2200,2,3,1,1,1,1,1,1,0,0,1,0
318,Dublin 2,8,month,0,2250,1,2,0,1,1,0,1,1,0,0,1,0
319,Dublin 24,11,month,0,1150,1,1,1,0,0,0,0,0,0,0,0,0
320,Dublin 3,12,month,0,2000,2,2,1,0,1,1,1,1,0,0,1,1
321,Dublin 2,8,month,0,1700,1,2,1,1,1,1,0,1,0,0,0,0
322,Dublin 6,15,month,0,2100,1,2,0,1,1,1,1,1,0,0,1,0
323,Dublin 6,15,month,0,1325,1,1,1,1,1,1,0,0,0,0,1,0
324,Dublin 2,8,month,0,1750,1,1,0,1,1,1,0,1,0,0,0,0
325,Dublin 8,18,month,0,2100,1,2,0,0,1,1,0,1,0,0,1,0
326,Dublin 4,13,month,0,1695,1,1,1,1,1,1,0,1,0,0,0,0
327,Dublin 2,8,month,0,2300,2,2,1,1,1,1,1,1,0,0,1,0
328,Dublin 4,13,month,0,3200,2,3,1,0,0,0,0,0,0,1,0,0
329,Dublin 3,12,month,0,1780,2,2,0,1,1,1,1,1,0,0,0,0
330,Dublin 2,8,month,0,3600,2,2,0,1,1,1,1,1,0,0,0,0
331,Dublin 8,18,month,0,1680,1,2,1,1,1,1,0,1,0,0,0,0
332,Dublin 4,13,month,0,1700,1,1,1,1,1,1,1,1,0,0,0,0
333,Dublin 6,15,month,0,2250,2,2,1,0,0,0,0,0,0,0,0,0
334,Dun Laoghaire A94,22,month,0,1850,1,2,0,1,1,0,1,0,0,0,1,0
335,Dublin 15,5,month,0,1800,2,2,0,0,1,0,1,1,0,0,1,0
336,Dublin 4,13,month,0,1695,1,2,1,0,1,1,0,1,0,0,1,1
337,Dublin 1,0,month,0,1650,1,1,0,1,1,1,0,1,0,1,1,0
338,Dublin 4,13,month,0,1650,1,1,1,1,1,0,0,1,0,0,0,1
339,Dublin 14,4,month,0,1850,1,2,1,1,1,1,1,1,0,0,0,1
340,Dublin 4,13,month,0,1612,1,1,1,1,0,0,1,1,0,0,0,0
341,Dublin 11,1,month,0,2300,2,3,1,1,1,0,1,1,0,0,0,0
342,Dublin 4,13,month,0,2500,2,2,1,0,0,0,0,0,0,1,0,0
343,Dublin 6,15,month,0,3250,3,2,1,0,0,0,0,0,0,0,0,0
344,Dublin 3,12,month,0,1950,2,2,1,0,0,0,0,0,0,1,0,0
345,Dublin 2,8,month,0,2000,1,2,0,1,1,1,1,1,0,0,0,0
346,Dublin 2,8,month,0,2300,2,2,1,1,1,1,1,1,0,1,1,1
347,Dun Laoghaire A96,23,month,0,1550,1,1,0,0,1,0,0,0,0,0,0,0
348,Dublin 2,8,month,0,2100,2,2,0,1,1,1,1,1,0,1,1,1
349,Dublin 7,17,month,0,1500,1,2,0,1,1,1,0,1,0,0,0,0
350,Dublin 4,13,month,0,1500,1,1,1,0,1,1,0,1,0,0,0,0
351,Dublin 3,12,month,0,2000,1,2,1,1,1,0,1,1,0,1,1,0
352,Dublin 7,17,month,0,1800,1,2,0,1,1,0,0,1,0,0,1,0
353,Dublin 3,12,month,0,2000,1,2,1,1,1,0,1,1,0,1,1,1
354,Dublin 18,7,month,0,2500,2,2,1,1,1,0,1,1,0,0,1,0
355,Dublin 2,8,month,0,2080,1,2,1,0,1,0,0,0,0,0,0,0
356,Dublin 2,8,month,0,2194,1,3,1,0,0,0,0,0,1,0,0,0
357,Dublin 8,18,month,0,1462,1,1,1,1,1,1,0,1,0,0,1,0
358,Dublin 4,13,month,0,2495,2,3,1,1,1,1,1,0,0,0,0,0
359,Dun Laoghaire A94,22,month,0,1595,1,1,1,1,1,1,1,1,0,0,1,0
360,Dublin 6,15,month,0,2250,1,2,1,1,1,1,0,1,0,0,0,0
361,Dublin 6,15,month,0,1150,1,1,1,1,1,1,0,1,0,0,0,0
362,Dublin 2,8,month,0,2800,2,3,0,1,1,1,1,1,0,0,0,0
363,Dublin 8,18,month,0,2050,1,3,1,1,1,0,0,1,0,0,0,0
364,Dublin 1,0,month,0,1350,1,1,0,1,1,0,0,1,0,0,0,0
365,Dublin 4,13,month,0,1750,1,1,1,1,1,0,1,1,0,0,0,0
366,Dublin 1,0,month,0,1250,1,1,0,1,1,0,0,1,0,0,1,0
367,Dublin 1,0,month,0,3200,2,3,1,1,1,1,1,1,0,0,1,0
368,Dublin Fingal K67,21,month,0,800,1,1,1,0,0,0,0,0,1,0,0,0
369,Dublin 7,17,month,0,1600,1,1,0,1,1,0,0,0,0,0,1,0
370,Dublin 4,13,month,0,1800,1,2,1,1,1,1,0,1,0,0,1,1
371,Dublin 8,18,month,0,1600,1,1,0,1,1,1,0,1,0,0,1,0
372,Dublin 4,13,month,0,2800,2,3,1,1,1,1,1,1,0,1,1,0
373,Dun Laoghaire A9X,24,month,0,2175,2,2,1,1,1,1,1,1,0,1,1,0
374,Dublin 6,15,month,0,1800,1,2,0,1,1,1,0,1,0,0,0,0
375,Dublin 7,17,month,0,1200,1,1,0,0,1,1,0,1,0,0,1,0
376,Dublin 9,19,month,0,1700,1,2,1,1,1,1,0,1,0,0,1,1
377,Dublin 2,8,month,0,2750,2,2,1,1,1,1,1,1,0,1,1,0
378,Dublin 2,8,month,0,1500,1,2,1,0,0,0,0,0,0,0,0,0
379,Dublin 1,0,month,0,2500,2,3,0,1,1,1,1,1,0,1,1,0
380,Dublin 4,13,month,0,2200,1,2,1,1,1,1,1,1,0,0,0,1
381,Dublin 14,4,month,0,1700,1,1,1,1,1,1,0,1,0,0,1,0
382,Dublin 4,13,month,0,1800,1,2,1,0,0,0,0,0,0,0,0,0
383,Dublin 16,6,month,0,1650,2,2,1,0,0,0,0,0,0,0,0,0
384,Dublin 2,8,month,0,1450,1,1,0,1,1,1,0,1,0,0,1,0
385,Dublin 6,15,month,0,1385,1,1,0,0,1,1,0,1,0,0,1,0
386,Dublin 1,0,month,0,1550,1,1,1,0,1,1,0,1,0,0,0,0
387,Dun Laoghaire A94,22,month,0,2095,2,2,1,1,1,1,0,1,0,0,1,0
388,Dublin 6,15,month,0,1600,1,2,1,1,1,0,0,1,0,0,0,0
389,Dublin 8,18,month,0,1450,1,1,1,1,1,0,0,1,0,0,1,0
390,Dublin 7,17,month,0,1500,1,1,0,1,1,1,0,1,0,0,0,0
391,Dun Laoghaire A94,22,month,0,1495,1,1,1,1,1,1,1,1,0,0,1,0
392,Dublin 9,19,month,0,1850,2,2,1,1,1,1,1,1,0,0,0,0
393,Dublin 9,19,month,0,1600,1,2,1,0,1,1,0,1,0,0,1,0
394,Dublin 1,0,month,0,2000,1,1,1,1,1,1,1,1,1,0,0,0
395,Dublin 20,9,month,0,1440,1,1,1,0,0,0,0,0,0,0,0,0
396,Dun Laoghaire A96,23,month,0,2800,2,3,1,1,1,1,1,1,0,0,1,0
397,Dublin 2,8,month,0,1850,1,2,0,0,1,1,1,1,0,0,1,0
398,Dublin Fingal K67,21,month,0,1550,1,1,1,1,1,0,0,1,0,1,1,0
399,Dublin 2,8,month,0,2300,2,2,0,1,1,1,1,1,0,1,1,0
400,Dublin 3,12,month,0,1850,2,2,1,1,1,0,1,0,0,0,1,0
401,Dublin 2,8,month,0,3000,3,2,0,0,1,0,1,0,0,0,1,0
402,Dublin 4,13,month,0,2700,2,3,0,0,1,1,0,1,0,0,0,0
403,Dublin 6,15,month,0,2400,2,2,1,1,0,0,0,0,0,0,1,0
404,Dublin 6,15,month,0,3750,2,3,1,1,0,0,0,0,0,0,0,0
405,Dublin 6,15,month,0,2100,2,2,1,1,1,0,1,1,0,0,0,0
406,Dublin 2,8,month,0,1700,1,2,1,0,0,0,0,0,0,0,0,0
407,Dublin 4,13,month,0,3750,2,2,0,1,1,1,1,1,0,0,1,0
408,Dublin 2,8,month,0,1950,1,2,0,1,1,0,1,1,0,0,1,0
409,Dublin 1,0,month,0,3575,2,2,0,1,1,0,0,1,1,1,0,0
410,Dublin 1,0,month,0,3500,2,2,0,1,0,0,0,0,1,0,1,0
411,Dublin 4,13,month,0,1900,2,1,1,0,0,0,0,0,0,0,0,0
412,Dublin 4,13,month,0,1975,2,2,1,0,0,0,0,0,0,0,0,0
413,Dublin 18,7,month,0,1950,2,2,1,1,1,0,1,0,0,0,1,0
414,Dublin 2,8,month,0,1950,2,2,0,0,1,0,0,0,0,0,0,0
415,Dublin 6,15,month,0,2350,2,3,1,1,1,0,0,1,0,0,0,0
416,Dublin 1,0,month,0,2000,1,3,0,0,1,0,0,0,0,0,0,0
417,Dublin 9,19,month,0,2000,2,3,1,1,1,0,0,0,0,0,1,0
418,Dun Laoghaire A94,22,month,0,2000,2,2,1,1,1,1,1,0,0,0,1,1
419,Dublin 6,15,month,0,1500,1,1,1,1,1,0,1,1,0,0,0,0
420,Dublin 4,13,week,1,599,1,1,1,0,1,0,0,1,0,0,0,0
421,Dublin 8,18,week,1,420,1,1,0,1,1,0,0,1,0,0,1,1
422,Dublin 4,13,week,1,435,1,1,1,0,1,0,0,1,0,0,1,1
423,Dublin 8,18,month,0,1700,1,2,1,1,1,0,1,0,0,0,1,0
424,Dublin 2,8,month,0,1950,1,2,0,0,1,0,0,1,0,0,0,0
425,Dublin 1,0,week,1,425,1,1,1,0,1,0,0,1,0,0,0,0
426,Dublin 6,15,week,1,525,1,1,1,1,1,0,0,1,0,0,0,0
427,Dublin 1,0,month,0,2200,2,2,1,1,1,1,1,1,0,1,1,0
428,Dublin 14,4,month,0,1800,1,2,1,1,1,1,1,1,0,0,1,0
429,Dublin 8,18,month,0,1600,1,2,1,1,1,0,0,1,0,0,1,0
430,Dublin 6,15,month,0,1620,1,2,1,1,1,0,0,1,0,0,1,0
431,Dublin 4,13,month,0,1800,1,2,0,1,1,1,1,1,0,0,1,0
432,Dublin 1,0,month,0,1700,2,2,1,1,1,1,1,1,0,0,1,0
433,Dublin 2,8,month,0,1750,1,2,0,1,1,1,1,1,0,0,1,0
434,Dublin 6,15,month,0,1500,1,1,1,1,1,1,0,1,0,0,1,0
435,Dublin 18,7,month,0,1970,2,2,1,1,1,1,1,1,0,0,1,0
436,Dublin 14,4,month,0,1860,2,2,1,1,1,1,1,1,0,0,1,0
437,Dublin 1,0,month,0,1700,2,2,0,1,1,1,1,1,0,0,1,0
438,Dublin 8,18,month,0,1400,1,1,1,0,1,1,0,0,0,0,0,0
439,Dublin 5,14,month,0,2195,2,2,1,1,1,1,1,1,0,0,1,1
440,Dublin 4,13,month,0,1950,1,1,0,1,1,1,1,1,0,0,1,0
441,Dublin 2,8,month,0,1700,1,1,0,1,1,1,1,1,0,0,0,0
442,Dublin 6,15,month,0,2200,2,3,1,0,0,0,0,0,0,0,0,0
443,Dublin 8,18,month,0,2000,2,3,1,1,1,1,0,1,0,0,1,0
444,Dublin 8,18,month,0,1500,1,2,1,0,1,0,1,1,0,0,1,0
445,Dublin 12,2,month,0,1700,1,2,1,1,1,0,0,1,0,0,1,1
446,Dublin 4,13,month,0,1700,1,2,1,0,1,1,0,1,0,0,1,0
447,Dublin 8,18,month,0,1600,1,1,0,1,1,0,0,1,0,1,1,0
448,Dublin 4,13,month,0,2800,2,2,1,1,1,0,0,1,0,0,1,0
449,Dublin 7,17,month,0,1350,1,1,1,0,1,1,0,1,0,0,0,0
450,Dublin 11,1,month,0,1500,2,2,1,1,1,0,1,1,0,0,1,0
451,Dublin 8,18,month,0,1300,1,1,0,1,1,1,0,1,0,0,0,0
452,Dublin 1,0,month,0,1500,1,1,0,0,1,1,0,1,0,0,0,0
453,Dublin 7,17,month,0,1100,1,1,0,1,1,0,0,1,0,1,0,0
454,Dublin 8,18,month,0,1500,1,2,1,0,1,1,0,1,0,0,1,0
455,Dublin 2,8,month,0,2200,1,2,1,1,1,1,1,1,0,0,0,0
456,Dublin 6,15,month,0,2350,2,2,1,1,1,1,1,1,0,0,1,0
457,Dublin 15,5,month,0,1605,2,2,1,1,1,0,1,1,0,0,1,1
458,Dublin 2,8,month,0,1850,1,2,0,1,1,1,1,1,0,0,0,1
459,Dublin 2,8,month,0,1850,1,2,0,0,0,0,0,0,1,1,0,0
460,Dublin 7,17,month,0,1600,1,1,1,1,1,1,0,1,0,0,0,0
461,Dublin 1,0,month,0,1699,1,1,0,0,0,0,0,0,0,1,0,0
462,Dublin 1,0,month,0,1650,1,1,0,1,1,0,0,1,0,0,1,1
463,Dublin 2,8,week,1,390,1,1,0,1,1,1,0,1,0,0,1,0
464,Dublin 16,6,month,0,2250,3,3,1,1,1,1,1,1,0,0,1,0
465,Dublin 2,8,month,0,2590,2,2,0,1,1,1,1,1,0,1,1,0
466,Dublin 6,15,month,0,2300,2,2,1,1,1,1,1,1,0,1,1,0
467,Dublin 7,17,month,0,1600,2,1,1,1,1,1,1,1,0,1,1,0
468,Dublin 6,15,month,0,2000,2,2,1,0,0,0,0,0,0,0,0,0
469,Dublin 16,6,month,0,1450,1,2,1,0,0,0,0,0,0,0,0,0
470,Dublin 18,7,week,1,980,2,2,1,1,1,1,1,1,0,0,0,0
471,Dun Laoghaire A94,22,week,1,980,2,2,1,1,1,1,1,1,0,0,1,1
472,Dublin 2,8,week,1,850,1,2,0,1,1,0,1,1,0,0,0,1
473,Dublin 18,7,week,1,980,2,2,1,1,1,1,0,1,0,0,1,1
474,Dublin 8,18,month,0,1700,1,2,1,0,0,0,0,0,0,0,0,0
475,Dublin 2,8,month,0,1485,1,1,1,1,1,1,0,1,0,0,1,1
476,Dublin 20,9,month,0,1650,1,2,1,1,1,1,0,1,0,0,1,0
477,Dublin 8,18,month,0,1450,1,1,1,0,0,0,0,0,0,0,0,0
478,Dublin 8,18,month,0,1700,1,2,1,1,1,1,0,1,0,0,1,0
479,Dublin 6,15,month,0,1600,1,1,1,1,1,1,1,1,0,0,1,0
480,Dublin 8,18,month,0,1838,2,2,1,1,1,0,0,1,0,0,1,0
481,Dublin 2,8,month,0,1795,1,2,0,1,0,0,1,1,0,0,1,0
482,Dun Laoghaire A94,22,month,0,1995,2,2,0,1,1,1,0,1,0,0,0,0
483,Dublin 6,15,month,0,2000,2,2,1,1,1,1,1,1,0,0,0,0
484,Dublin 7,17,month,0,1495,1,2,0,1,1,0,0,1,0,0,0,0
485,Dublin 7,17,month,0,1300,1,1,0,1,1,0,0,1,0,0,1,0
486,Dublin 6,15,month,0,2700,2,2,1,1,1,1,0,0,0,0,1,0
487,Dublin 3,12,month,0,1550,1,1,1,1,1,1,1,1,0,0,0,0
488,Dublin 1,0,month,0,2200,2,2,0,0,1,0,0,0,0,0,0,0
489,Dublin 12,2,month,0,2200,3,3,1,1,1,1,1,1,0,0,1,0
490,Dublin 6,15,month,0,2250,2,2,1,1,1,1,1,1,0,0,1,0
491,Dublin 1,0,month,0,2250,1,3,1,1,1,0,0,0,0,0,0,0
492,Dublin 3,12,month,0,2650,3,3,1,1,1,1,1,1,0,0,1,0
493,Dublin 4,13,month,0,4500,2,2,1,1,1,1,1,1,0,0,1,0
494,Dublin 2,8,month,0,2100,2,2,0,1,1,0,1,1,0,0,1,0
495,Dublin 5,14,month,0,1800,2,2,1,0,1,1,1,1,0,0,1,0
496,Dublin 6,15,month,0,1600,1,2,0,0,1,1,0,1,0,0,0,0
497,Dublin 12,2,month,0,1600,1,2,1,0,0,0,0,0,0,0,0,0
498,Dublin 8,18,month,0,1850,1,2,1,1,1,1,0,1,0,1,1,0
499,Dublin 2,8,month,0,1500,1,1,0,1,0,0,1,1,0,0,1,0
500,Dublin 8,18,month,0,2050,1,1,0,1,1,1,1,1,0,0,0,0
501,Dublin 7,17,month,0,1950,1,2,1,1,1,1,1,1,0,0,1,1
502,Dublin 18,7,month,0,1350,1,1,1,1,1,1,1,1,0,0,1,0
503,Dublin 14,4,month,0,1700,3,2,1,1,1,0,1,0,0,0,1,0
504,Dublin 8,18,month,0,1700,1,2,0,1,1,1,0,1,0,0,1,0
505,Dublin 6,15,month,0,2900,2,2,0,1,1,1,1,1,1,1,1,1
506,Dublin 3,12,month,0,1538,1,1,1,1,1,0,0,1,0,0,1,0
507,Dublin 4,13,month,0,2400,1,2,0,1,1,1,1,1,0,0,1,0
508,Dublin 6,15,month,0,1800,1,2,1,1,1,1,1,1,0,0,0,0
509,Dublin 7,17,month,0,750,1,1,1,0,0,0,0,0,0,0,0,0
510,Dublin 5,14,month,0,1800,1,1,1,1,1,1,1,1,0,0,1,0
511,Dublin 1,0,month,0,2000,1,2,1,0,0,0,0,0,1,0,0,0
512,Dublin Fingal K67,21,month,0,1700,2,2,1,1,1,0,1,1,0,0,1,1
513,Dublin 1,0,month,0,1700,1,2,0,1,1,1,0,1,0,0,1,1
514,Dublin 4,13,month,0,1947,1,1,1,1,1,1,1,1,0,0,1,0
515,Dublin 4,13,month,0,3750,2,3,1,1,1,1,1,1,0,0,1,0
516,Dublin 4,13,month,0,3650,2,2,1,1,1,1,1,1,0,0,1,0
517,Dublin 4,13,month,0,1900,2,2,1,1,1,1,0,1,0,0,0,0
518,Dublin 4,13,month,0,3385,2,2,0,1,1,1,1,1,0,0,1,0
519,Dublin 4,13,month,0,2799,2,2,1,1,1,1,1,1,0,0,1,0
520,Dublin 4,13,month,0,4175,2,2,1,1,1,0,1,1,0,0,1,0
521,Dublin 14,4,month,0,1615,1,1,1,1,1,0,1,0,0,0,1,0
522,Dublin 4,13,month,0,2030,1,1,1,1,1,1,1,1,0,0,1,0
523,Dublin 4,13,month,0,2300,1,2,1,1,1,1,0,1,0,0,1,0
524,Dublin 4,13,month,0,1900,2,2,1,1,1,1,0,1,0,0,0,0
525,Dublin 4,13,month,0,2560,2,2,0,1,1,1,1,1,0,0,1,0
526,Dublin 1,0,month,0,1850,1,2,0,1,1,1,1,1,0,0,1,0
527,Dublin 2,8,month,0,1400,1,1,1,1,1,1,0,0,0,0,1,0
528,Dublin 2,8,month,0,1400,1,1,1,1,1,1,0,0,0,1,1,0
529,Dun Laoghaire A96,23,month,0,1400,1,1,0,0,1,1,0,1,0,0,0,0
530,Dublin 1,0,month,0,1600,1,1,0,1,1,1,0,1,0,1,1,0
531,Dun Laoghaire A94,22,month,0,3850,2,2,1,0,0,0,0,0,0,1,0,0
532,Dublin 1,0,month,0,2100,1,2,1,1,1,0,1,1,0,0,1,0
533,Dun Laoghaire A94,22,month,0,2300,2,2,1,1,1,0,1,1,0,0,0,0
534,Dublin 2,8,month,0,1750,1,2,0,1,1,1,0,1,0,0,0,0
535,Dublin 11,1,month,0,1270,1,1,1,1,1,1,0,1,0,0,1,0
536,Dun Laoghaire A96,23,month,0,2250,2,2,1,1,1,1,0,0,0,0,1,0
537,Dublin 7,17,month,0,2000,2,2,1,1,1,1,1,1,0,0,1,0
538,Dublin 2,8,month,0,1540,1,1,0,1,1,1,0,0,0,0,0,0
539,Dublin 3,12,month,0,1600,1,1,1,1,1,1,1,1,0,0,0,0
540,Dublin 4,13,month,0,2700,2,2,1,1,1,1,1,1,0,1,1,0
541,Dublin 8,18,month,0,1350,1,1,0,0,1,0,0,0,0,0,1,0
542,Dublin 3,12,month,0,1455,1,1,1,1,1,1,0,1,0,0,0,0
543,Dublin 1,0,month,0,1800,1,2,0,1,1,0,0,1,0,0,0,0
544,Dublin 6,15,month,0,1600,1,2,0,0,1,1,1,1,0,0,1,0
545,Dublin 2,8,month,0,1850,2,2,1,0,1,1,1,1,0,0,1,0
546,Dublin 4,13,month,0,1200,1,1,0,0,0,0,0,1,0,0,0,0
547,Dublin 8,18,month,0,4200,2,6,0,0,1,1,0,1,0,0,0,0
548,Dublin 8,18,month,0,1800,1,2,1,0,1,1,1,1,0,0,1,1
549,Dublin 8,18,month,0,1800,2,2,1,0,1,0,0,1,0,0,1,1
550,Dublin 3,12,month,0,1800,2,2,1,1,1,0,1,1,0,0,0,1
551,Dublin Fingal K67,21,month,0,1600,1,2,1,1,1,1,1,1,0,0,0,0
552,Dublin 6,15,month,0,1900,1,2,1,0,0,0,0,0,0,0,0,0
553,Dublin 7,17,month,0,1800,1,2,0,1,1,1,1,0,0,0,1,0
554,Dublin 15,5,month,0,1770,2,2,1,1,1,0,1,1,0,0,1,0
555,Dublin 18,7,month,0,1750,2,2,1,1,1,1,1,1,0,0,1,0
556,Dun Laoghaire A9X,24,month,0,2275,3,3,1,0,1,1,1,1,0,0,1,0
557,Dublin 2,8,month,0,1475,1,1,1,1,1,1,0,1,0,0,0,0
558,Dublin 6,15,month,0,1400,1,1,1,1,1,0,0,1,0,0,1,0
559,Dublin 1,0,week,1,240,1,1,0,1,1,0,1,1,0,0,1,0
560,Dublin 7,17,week,1,247,1,1,0,1,1,1,1,1,0,0,1,0
561,Dublin 1,0,week,1,230,1,1,0,0,1,0,1,1,0,1,1,0
562,Dublin 1,0,month,0,1425,1,1,0,1,1,0,0,0,0,0,0,0
563,Dun Laoghaire A96,23,week,1,700,2,2,1,0,0,0,0,0,0,0,0,0
564,Dublin 4,13,month,0,2800,1,1,1,1,1,1,1,1,0,0,0,1
565,Dublin 4,13,month,0,3900,1,1,1,1,1,1,1,1,1,0,1,1
566,Dublin 2,8,month,0,4350,1,2,0,1,1,1,1,1,0,0,1,1
567,Dublin 2,8,month,0,3800,2,2,1,1,1,1,1,1,0,0,1,1
568,Dublin 4,13,month,0,3200,2,2,1,1,1,1,1,1,0,0,0,1
569,Dublin 4,13,month,0,3600,1,1,1,1,1,1,1,1,1,0,1,1
570,Dublin 2,8,month,0,3600,2,2,1,1,1,1,1,1,0,0,1,1
571,Dublin 2,8,month,0,3600,2,2,1,1,1,1,1,1,0,0,1,1
572,Dublin 2,8,month,0,4500,2,2,1,1,1,1,1,1,0,0,1,1
573,Dublin 2,8,month,0,4200,2,2,0,1,1,1,1,1,0,0,1,1
574,Dublin 4,13,month,0,2600,1,1,1,1,1,1,1,1,0,0,0,1
575,Dublin 4,13,month,0,2000,1,1,0,1,1,1,1,1,0,0,1,0
576,Dublin 4,13,month,0,3000,1,2,1,1,1,1,1,1,0,0,1,1
577,Dublin 2,8,month,0,2300,2,2,1,1,1,1,1,1,0,0,1,0
578,Dublin 2,8,month,0,3400,2,2,0,1,1,1,1,1,0,0,1,1
579,Dublin 4,13,month,0,2500,2,2,1,1,1,1,1,1,1,0,1,1
580,Dublin 2,8,month,0,2500,1,2,0,1,1,1,1,1,0,0,1,0
581,Dublin 4,13,month,0,2400,2,2,1,1,1,1,1,1,1,0,1,0
582,Dublin 4,13,month,0,4150,2,2,1,1,1,1,1,1,1,0,1,1
583,Dublin 2,8,month,0,3600,2,2,1,1,1,1,1,1,0,0,1,1
584,Dublin 2,8,month,0,1730,1,2,0,0,1,0,0,1,0,0,1,0
585,Dublin 2,8,month,0,2500,1,2,0,1,1,1,1,1,0,0,1,0
586,Dublin 4,13,month,0,4150,2,2,1,1,1,1,1,1,1,0,1,1
587,Dublin 2,8,month,0,3600,2,2,1,1,1,1,1,1,0,0,1,1
588,Dublin 4,13,month,0,2150,2,2,1,1,1,1,1,1,0,0,0,0
589,Dublin 2,8,month,0,1728,2,2,1,0,1,0,0,1,0,0,1,0
590,Dun Laoghaire A94,22,month,0,2080,2,2,1,1,1,1,0,1,0,0,0,0
591,Dublin 3,12,month,0,1900,2,2,1,1,1,1,1,1,0,0,0,0
592,Dublin 1,0,month,0,2140,2,2,1,1,1,0,1,1,0,0,1,0
593,Dublin 8,18,month,0,2000,1,2,0,0,0,0,0,0,0,0,1,0
594,Dublin 24,11,month,0,1875,1,2,1,1,1,0,0,1,0,1,0,1
595,Dublin 20,9,month,0,1800,2,2,1,1,1,1,1,1,0,0,1,0
596,Dublin 14,4,month,0,1800,2,2,1,1,1,1,1,1,0,0,1,1
597,Dublin 24,11,month,0,2400,2,3,1,0,1,1,1,1,0,1,1,1
598,Dublin 13,3,month,0,1690,1,2,1,1,1,0,1,1,0,0,0,0
599,Dublin 9,19,month,0,1796,2,2,1,1,1,0,1,0,0,0,1,0
600,Dublin 15,5,month,0,1550,1,1,1,0,1,0,0,0,0,0,1,0
601,Dublin 4,13,month,0,2912,2,2,1,1,1,1,1,1,0,0,1,1
602,Dublin Fingal K36,20,month,0,2100,2,2,1,1,1,1,1,1,0,0,1,0
603,Dublin 9,19,month,0,2200,4,4,0,1,0,1,0,1,0,0,0,0
604,Dublin 9,19,month,0,1616,2,2,1,1,1,1,0,1,0,0,1,0
605,Dublin 4,13,month,0,2750,2,3,1,1,1,1,1,1,0,0,1,0
606,Dublin 11,1,month,0,1700,1,2,1,0,0,0,0,0,0,0,0,0
607,Dublin 1,0,month,0,1500,1,1,1,0,1,0,1,1,0,0,0,0
608,Dublin 1,0,month,0,1300,1,1,0,1,1,1,0,1,0,0,0,0
609,Dublin 4,13,month,0,2695,1,1,1,1,1,1,1,1,1,0,0,0
610,Dublin 4,13,month,0,1800,1,2,0,1,1,0,0,1,0,0,0,0
611,Dublin 6,15,month,0,1600,1,2,0,1,0,0,0,1,0,0,1,0
612,Dublin 13,3,month,0,1900,2,2,1,0,0,0,0,0,0,1,0,0
613,Dublin 22,10,month,0,1899,1,2,1,1,0,0,1,1,0,0,0,0
614,Dublin 1,0,month,0,1895,1,1,1,1,1,1,1,1,0,0,1,0
615,Dun Laoghaire A94,22,week,1,200,1,1,0,1,1,0,0,1,0,0,1,0
616,Dublin 9,19,month,0,1750,2,2,1,0,1,1,1,1,0,0,1,0
617,Dublin 2,8,month,0,2500,2,2,0,1,1,1,0,1,0,0,1,0
618,Dublin 3,12,month,0,2000,1,2,1,1,1,0,1,1,0,0,1,0
619,Dublin 8,18,month,0,1475,1,1,0,1,1,1,0,1,0,0,0,0
620,Dublin 1,0,month,0,2150,2,2,0,1,1,1,1,1,0,0,0,0
621,Dublin 6,15,month,0,1600,1,2,1,1,1,1,1,1,0,0,1,0
622,Dublin 15,5,month,0,1700,1,2,1,0,0,0,0,0,0,1,0,0
623,Dublin 8,18,week,1,275,1,1,1,1,1,1,0,1,0,0,0,1
624,Dublin 8,18,month,0,1850,1,2,1,0,0,0,0,0,0,0,0,0
625,Dublin 2,8,month,0,2400,2,2,0,0,0,0,0,0,0,0,1,0
626,Dublin 4,13,month,0,2300,2,2,1,1,1,0,1,0,0,0,1,0
627,Dublin 6,15,month,0,2200,2,3,1,1,1,0,1,0,0,0,0,0
628,Dublin 1,0,month,0,3286,2,2,0,1,1,0,1,0,0,0,1,0
629,Dublin 8,18,month,0,1870,2,2,1,1,1,0,0,1,0,0,0,0
630,Dublin 2,8,month,0,4160,2,3,1,1,1,0,1,0,0,0,1,0
631,Dublin 4,13,month,0,2560,2,3,1,1,0,0,1,0,0,0,0,0
632,Dublin 14,4,month,0,2500,2,3,1,1,1,0,1,0,0,0,0,0
633,Dublin 6,15,month,0,1620,1,2,0,1,1,1,1,1,0,0,1,1
634,Dublin 15,5,month,0,1650,1,2,1,1,1,0,0,1,0,0,0,0
635,Dublin 1,0,month,0,1850,1,2,0,1,1,1,0,1,0,0,0,0
636,Dublin Fingal K36,20,month,0,2200,2,2,1,1,1,1,1,1,0,0,1,0
637,Dublin 13,3,month,0,1500,1,2,1,1,1,1,1,1,0,0,1,0
638,Dublin 6,15,month,0,2000,2,2,1,1,1,0,1,1,0,0,1,1
639,Dublin 1,0,month,0,1600,1,1,0,0,1,1,0,1,0,0,0,0
640,Dublin 1,0,month,0,1250,1,1,0,1,1,1,0,1,1,0,1,1
641,Dublin 20,9,month,0,1227,1,1,1,1,1,1,0,1,0,0,1,0
642,Dublin 2,8,week,1,444,1,1,0,0,1,1,1,1,0,0,0,0
643,Dublin 2,8,week,1,910,2,3,0,0,1,1,1,1,0,0,0,0
644,Dublin 2,8,week,1,770,2,2,1,1,1,1,1,1,0,0,1,0
645,Dublin 2,8,week,1,495,1,1,0,1,1,1,1,1,0,0,0,0
646,Dublin 2,8,week,1,725,2,2,0,1,1,0,1,1,0,0,1,0
647,Dublin 2,8,week,1,735,2,2,1,0,1,1,1,1,0,0,0,0
648,Dublin 2,8,week,1,525,1,1,0,0,1,1,1,1,0,0,0,0
649,Dublin 1,0,week,1,375,1,1,0,0,1,1,1,1,0,0,0,0
650,Dublin 8,18,week,1,475,1,1,0,1,1,1,0,1,1,0,0,0
651,Dublin 2,8,week,1,675,2,2,1,1,1,1,1,1,0,1,1,1
652,Dublin 8,18,week,1,396,1,1,0,1,1,1,1,1,0,0,0,0
653,Dublin 1,0,month,0,1100,1,1,1,1,1,1,0,1,0,0,1,0
654,Dublin 1,0,month,0,1300,1,1,1,1,1,1,0,1,0,0,0,0
655,Dublin 2,8,month,0,1950,2,2,0,1,1,0,1,1,0,0,1,0
656,Dublin 2,8,month,0,1390,1,1,0,1,1,1,0,1,0,0,0,0
657,Dublin 6,15,month,0,1350,1,1,1,1,1,0,0,1,0,0,1,0
658,Dublin 6,15,month,0,1535,1,1,1,1,1,1,1,1,0,0,1,0
659,Dublin 2,8,month,0,2700,2,3,1,0,0,0,0,0,0,0,0,0
660,Dublin 2,8,month,0,1694,1,1,1,1,1,1,0,1,0,0,0,0
661,Dublin 14,4,month,0,1896,2,2,1,1,1,1,1,1,0,0,1,0
662,Dublin 1,0,month,0,1695,1,1,0,1,1,0,0,1,0,0,1,0
663,Dublin 1,0,month,0,1400,1,1,0,1,1,0,0,1,0,0,0,0
664,Dublin 4,13,month,0,1550,1,1,1,0,1,1,0,0,0,0,0,0
665,South Dublin K78,25,month,0,1250,1,1,1,0,0,0,0,0,0,1,0,0
666,Dublin 3,12,month,0,1800,1,2,1,1,1,0,1,1,0,0,1,0
667,Dublin 5,14,month,0,1700,2,2,1,1,1,1,1,1,0,0,1,0
668,Dublin 6,15,month,0,2000,2,2,1,1,1,1,1,1,0,0,0,0
669,Dublin 4,13,month,0,1795,1,1,1,1,1,0,0,1,0,0,1,0
670,Dublin 1,0,month,0,1300,1,1,0,0,1,1,0,0,0,0,0,0
671,Dublin 1,0,month,0,1368,1,1,0,1,1,1,0,1,0,0,1,0
672,Dublin 8,18,month,0,1600,1,2,1,0,1,0,0,1,0,0,1,0
673,Dublin 18,7,month,0,1883,1,2,1,1,1,1,1,1,0,0,1,0
674,Dublin 3,12,month,0,1850,1,2,1,1,0,0,0,0,0,0,1,0
675,Dublin 3,12,month,0,1340,1,2,0,0,1,1,0,0,0,0,0,0
676,Dublin 2,8,month,0,1800,1,1,0,0,1,0,1,1,0,0,1,0
677,Dublin 1,0,month,0,2450,2,3,0,1,1,1,1,1,0,0,1,0
678,Dublin 18,7,month,0,1795,2,2,1,1,1,1,1,1,0,0,1,0
679,Dublin 14,4,month,0,1995,2,2,1,1,1,1,1,1,0,0,1,0
680,Dublin 6,15,month,0,1850,1,1,0,1,1,1,1,0,0,0,1,0
681,Dublin 6,15,month,0,1400,1,1,1,1,1,1,1,1,0,0,1,0
682,Dublin 3,12,month,0,1550,1,1,1,1,1,0,0,1,0,0,1,0
683,Dublin 4,13,month,0,1826,1,1,1,0,1,1,0,1,0,0,0,0
684,Dublin 4,13,month,0,2325,2,2,1,1,1,0,1,1,0,0,1,0
685,Dublin 4,13,month,0,1900,1,2,0,0,1,1,1,0,0,0,1,0
686,Dublin 6,15,month,0,1700,1,2,1,0,0,0,0,0,0,0,0,0
687,Dublin 1,0,month,0,1774,1,2,1,1,1,0,0,1,0,0,1,0
688,Dublin 16,6,month,0,1800,2,2,1,1,1,0,1,0,0,0,0,0
689,Dublin 16,6,month,0,1671,2,2,1,1,1,1,1,1,0,0,0,0
690,Dublin 1,0,month,0,1500,1,1,0,1,1,0,0,1,0,0,0,0
691,Dublin 6,15,month,0,1520,1,1,1,1,1,0,0,1,0,0,0,0
692,Dublin 1,0,month,0,1700,1,2,0,1,1,0,0,1,0,0,1,0
693,Dublin 8,18,month,0,1650,1,1,0,0,1,1,0,1,0,0,0,0
694,Dublin 8,18,month,0,1800,1,2,0,0,1,1,0,1,0,0,0,0
695,Dublin 1,0,month,0,2800,2,3,1,0,0,0,0,0,0,0,0,0
696,Dublin 11,1,month,0,1535,1,1,1,0,1,0,1,1,0,0,1,0
697,Dun Laoghaire A94,22,month,0,2046,2,2,1,0,0,0,0,0,0,0,1,0
698,Dublin 20,9,month,0,1414,1,1,1,0,1,0,0,0,0,0,1,0
699,Dublin 1,0,month,0,1800,2,2,0,0,1,0,0,0,0,0,1,0
700,Dublin 16,6,month,0,1700,2,2,1,0,0,0,0,0,0,0,1,0
701,Dublin 8,18,month,0,1473,1,2,1,0,1,0,0,1,0,0,1,0
702,Dublin 4,13,month,0,1975,2,2,1,0,1,0,0,1,0,0,1,0
703,Dublin 3,12,month,0,1745,1,2,1,1,1,0,0,1,0,0,0,0
704,Dublin 1,0,month,0,1368,1,2,1,1,1,0,0,0,0,0,0,0
705,Dun Laoghaire A96,23,month,0,1550,1,2,0,1,1,1,0,0,0,0,0,0
706,Dublin 12,2,month,0,2200,2,3,1,0,1,1,0,1,0,0,1,0
707,Dublin 8,18,month,0,1620,1,2,0,1,1,0,1,1,0,0,1,0
708,Dublin 8,18,month,0,1440,1,1,1,0,1,0,0,1,0,0,1,0
709,Dublin 12,2,month,0,1700,1,2,1,0,1,0,1,1,0,0,1,0
710,Dublin 15,5,month,0,1850,2,2,1,1,1,1,1,1,0,0,1,0
711,Dublin 13,3,month,0,1600,2,2,1,1,1,1,1,1,0,0,1,0
712,Dublin 13,3,month,0,1800,1,3,1,1,1,1,0,1,0,0,0,0
713,Dublin 1,0,month,0,1900,1,2,0,1,1,1,1,1,0,0,1,0
714,Dublin 3,12,month,0,1456,1,1,1,1,0,0,0,1,0,0,0,0
715,Dublin 9,19,month,0,1475,1,1,1,1,1,1,0,1,0,0,1,0
716,Dublin Fingal K36,20,month,0,2300,2,2,1,0,0,0,0,0,1,1,0,0
717,Dublin 7,17,month,0,1800,1,2,0,1,1,1,0,1,0,0,1,1
718,Dublin 5,14,month,0,1850,1,2,1,1,1,0,0,0,0,0,1,0
719,Dublin 1,0,month,0,1475,1,1,0,1,1,0,0,1,0,0,1,0
720,Dublin 4,13,month,0,3000,2,2,1,1,1,1,1,1,0,0,1,0
721,Dublin 4,13,month,0,2500,2,2,1,1,1,0,1,1,0,0,1,0
722,Dublin 4,13,month,0,2000,2,2,1,1,1,0,1,1,0,0,1,0
723,Dublin 2,8,month,0,4000,2,2,1,1,1,1,1,1,0,0,1,1
724,Dublin 1,0,month,0,1700,1,1,0,1,1,0,1,1,0,0,1,0
725,Dublin 4,13,month,0,2200,1,2,1,1,1,0,0,1,0,0,1,0
726,Dublin 4,13,month,0,3535,2,3,1,1,1,0,1,1,0,0,1,0
727,Dublin 4,13,week,1,1750,1,1,0,1,1,1,1,1,0,0,1,0
728,Dublin 4,13,month,0,1868,1,1,0,1,1,0,1,1,0,0,0,0
729,Dublin 4,13,month,0,3600,2,2,1,1,1,0,1,1,0,0,1,0
730,Dublin 4,13,month,0,1800,1,1,1,1,1,0,1,1,0,0,1,0
731,Dublin Fingal K36,20,month,0,1870,1,2,1,1,1,1,1,0,0,0,1,0
732,Dublin 3,12,month,0,1500,1,1,1,0,0,0,0,0,0,0,0,0
733,Dublin 7,17,month,0,1595,1,2,0,1,1,1,0,0,0,0,0,0
734,Dublin 2,8,month,0,1875,1,2,0,1,1,1,1,1,0,0,0,0
735,Dublin 1,0,month,0,1740,1,2,1,1,1,0,1,0,0,0,0,0
736,Dublin Fingal K67,21,month,0,1700,2,2,1,1,1,0,0,0,0,0,0,0
737,Dublin 2,8,month,0,1750,1,1,0,0,1,1,0,1,0,0,0,0
738,Dublin 4,13,month,0,2125,1,2,1,0,1,1,1,0,0,0,0,0
739,Dublin 3,12,month,0,1995,2,2,0,0,1,1,1,1,0,0,1,0
740,Dublin 1,0,month,0,2250,2,2,0,1,1,1,1,1,0,1,1,0
741,Dublin 3,12,month,0,2200,1,4,1,1,1,0,0,1,0,0,1,0
742,Dublin 6,15,month,0,1700,1,2,0,1,1,0,0,1,0,0,0,0
743,Dublin 1,0,month,0,1650,1,2,0,1,1,0,0,1,0,0,0,0
744,Dun Laoghaire A9X,24,month,0,1500,1,1,1,1,1,1,1,1,0,1,1,0
745,Dublin 1,0,month,0,1600,1,2,0,1,1,0,0,1,0,0,0,0
746,Dublin 1,0,month,0,1400,1,1,0,1,1,0,0,1,0,0,0,0
747,Dublin 1,0,month,0,1650,2,2,0,1,1,0,0,1,0,0,0,0
748,Dublin 9,19,month,0,2100,2,2,1,1,1,0,1,0,0,0,1,0
749,Dublin 8,18,month,0,1140,1,1,1,1,1,0,0,1,0,0,1,0
750,Dublin 3,12,month,0,1550,1,1,1,1,1,0,0,1,0,0,1,0
751,Dublin 12,2,month,0,1250,1,1,1,0,1,0,0,0,0,1,1,1
752,Dublin 15,5,month,0,2000,2,2,1,1,1,1,1,1,0,0,1,0
753,Dublin 3,12,month,0,1350,1,1,1,1,1,1,0,1,1,0,1,0
754,Dublin 1,0,month,0,1200,1,1,0,0,1,0,0,1,0,0,0,0
755,Dublin 8,18,month,0,1300,1,1,0,1,1,0,0,1,0,0,0,0
756,Dublin 6,15,month,0,1750,1,2,1,0,1,0,0,1,0,0,0,0
757,Dublin 1,0,month,0,2100,2,2,0,0,1,0,1,1,0,0,0,0
758,Dublin Fingal K36,20,week,1,840,2,2,1,1,1,1,1,1,0,0,1,1
759,Dublin Fingal K36,20,month,0,2989,2,3,1,1,1,1,1,0,0,0,1,0
760,Dublin 7,17,month,0,1400,1,1,0,1,1,0,0,1,0,0,1,0
761,Dublin 7,17,month,0,1400,1,1,0,1,1,0,0,1,0,0,0,0
762,Dublin 15,5,month,0,1950,2,2,1,0,1,0,0,1,0,0,1,0
763,Dublin 1,0,month,0,2200,1,2,1,1,1,1,0,1,0,0,0,0
764,Dublin 8,18,month,0,1550,1,1,0,1,1,1,1,1,0,1,1,0
765,Dublin 13,3,month,0,1650,1,2,1,1,1,0,0,0,0,0,0,0
766,Dublin 1,0,month,0,1150,1,1,1,1,1,1,0,1,0,0,0,0
767,Dublin 5,14,month,0,900,1,1,0,1,0,0,0,1,0,0,1,0
768,Dublin 7,17,month,0,1077,1,1,1,1,1,1,0,1,0,0,1,0
769,Dublin 11,1,month,0,1800,2,2,1,1,1,1,1,1,0,0,1,1
770,Dublin 4,13,month,0,1500,1,1,1,0,1,0,0,1,0,0,0,0
771,Dublin 6,15,month,0,1500,1,2,1,1,1,1,0,1,0,0,0,0
772,Dublin 8,18,month,0,1144,1,1,0,1,1,1,0,1,1,0,1,0
773,Dublin 2,8,month,0,1350,1,1,0,1,1,1,1,1,1,0,0,0
774,Dublin 8,18,month,0,1110,1,1,1,1,1,1,0,1,0,0,1,0
775,Dublin 8,18,month,0,1650,1,1,0,1,1,1,1,1,1,0,1,0
776,Dublin 6,15,month,0,1350,1,1,0,1,1,0,0,1,0,0,0,0
777,Dublin 7,17,month,0,1450,1,1,1,1,1,0,1,1,0,0,0,0
778,Dublin 8,18,month,0,2100,1,2,0,1,1,0,1,1,1,0,0,0
779,Dublin 7,17,week,1,330,1,1,1,1,1,1,1,1,1,0,0,0
780,Dublin 6,15,month,0,1390,1,1,1,1,1,0,1,1,1,0,1,0
781,Dublin 7,17,month,0,1300,1,1,0,1,1,1,0,1,1,0,0,0
782,Dublin 2,8,month,0,1500,1,1,0,1,1,1,1,0,1,0,0,0
783,Dublin 8,18,month,0,1600,1,1,1,1,1,1,1,1,0,0,1,0
784,Dublin 8,18,month,0,1200,1,1,0,1,1,0,0,1,0,0,0,0
785,Dublin 1,0,month,0,1350,1,1,0,1,1,0,0,1,1,1,1,0
786,Dublin 4,13,month,0,1700,1,2,1,1,1,1,1,1,0,0,1,0
787,Dublin 8,18,month,0,1600,1,2,1,1,1,1,0,1,0,0,1,0
788,Dublin 1,0,month,0,1450,1,1,1,1,1,1,1,1,1,0,0,0
789,Dublin 4,13,month,0,1450,1,1,1,1,1,0,1,1,1,0,1,0
790,Dublin 7,17,month,0,2100,2,3,0,1,1,1,0,1,1,0,0,0
791,Dublin 6,15,month,0,1325,1,1,0,1,1,1,0,1,0,0,0,0
792,Dublin 7,17,month,0,1650,2,2,1,0,1,1,0,1,1,0,0,0
793,Dublin 6,15,month,0,1300,1,1,0,1,1,0,0,1,1,0,0,0
794,Dublin 4,13,month,0,1600,1,1,1,1,1,1,1,1,1,0,1,0
795,Dublin 1,0,month,0,1800,1,2,0,1,1,0,0,1,0,0,0,0
796,Dublin 4,13,month,0,1700,1,1,0,1,1,0,0,1,0,0,0,0
797,Dublin 6,15,month,0,2050,1,2,1,1,1,0,1,1,0,0,0,0
798,Dublin 9,19,month,0,1800,1,3,1,0,0,0,0,1,0,0,1,0
799,Dublin 7,17,month,0,1600,1,2,0,0,1,1,0,1,0,0,0,0
800,Dublin 1,0,month,0,3600,2,2,0,1,1,1,1,1,0,1,1,1
801,Dublin 2,8,month,0,1595,1,1,0,0,1,1,0,1,0,0,0,0
802,Dublin 8,18,month,0,1450,1,1,0,1,1,1,0,1,0,0,0,0
803,Dublin 1,0,month,0,2700,2,2,1,1,1,1,1,1,0,0,1,0
804,Dublin 14,4,month,0,1500,1,1,1,0,1,1,1,1,0,0,0,0
805,Dublin 14,4,month,0,1915,2,2,1,1,1,1,0,1,0,0,1,0
806,Dublin 4,13,month,0,6000,3,2,1,1,1,1,1,1,0,1,1,0
807,Dublin 4,13,month,0,4000,2,1,1,1,1,1,1,1,0,0,0,0
808,Dublin 2,8,month,0,6500,2,1,1,1,1,1,1,1,1,1,1,0
809,Dublin 4,13,month,0,5000,3,2,1,1,0,1,1,1,1,1,1,1
810,Dublin 1,0,week,1,800,2,2,0,1,1,1,1,1,0,1,1,1
811,Dublin 14,4,month,0,4950,4,3,1,1,1,1,1,1,0,1,1,0
812,Dublin 4,13,month,0,2200,1,2,0,0,1,1,1,1,0,0,1,0
813,Dublin 2,8,month,0,1750,1,1,0,0,1,0,1,1,0,0,0,0
814,Dublin 14,4,month,0,1431,1,1,1,0,1,0,0,1,0,0,0,0
815,Dublin 2,8,month,0,1950,2,2,0,1,1,0,1,0,0,0,0,0
816,Dublin 4,13,month,0,2250,1,1,1,1,1,0,0,1,0,0,0,0
817,Dublin 14,4,month,0,1900,2,2,1,1,1,1,1,1,0,0,1,0
818,Dublin 1,0,month,0,2000,2,2,1,1,1,0,0,0,0,0,1,0
819,Dublin 4,13,month,0,2250,2,2,1,1,1,0,1,1,0,0,1,0
820,Dublin 4,13,month,0,2250,2,2,1,1,1,1,0,1,0,0,1,0
821,Dublin 14,4,month,0,2395,2,2,1,1,1,0,1,0,0,0,0,0
822,Dublin 4,13,month,0,1595,1,1,1,1,1,1,0,1,0,0,0,0
823,Dublin 4,13,month,0,2550,1,3,1,1,1,1,1,1,0,0,1,0
824,Dublin 1,0,month,0,2000,1,2,1,1,1,1,0,1,0,0,1,0
825,Dublin 2,8,month,0,2295,2,2,1,1,1,0,1,1,0,0,1,0
826,Dublin 4,13,month,0,1950,1,2,0,1,1,0,1,1,0,0,1,0
827,Dublin 1,0,month,0,1475,1,1,1,1,1,1,1,1,0,0,0,0
828,Dublin 15,5,month,0,2150,2,3,1,1,1,0,0,1,0,0,1,1
829,Dublin 1,0,month,0,2600,2,3,0,1,1,1,1,1,0,0,0,0
830,Dublin 1,0,month,0,1850,1,2,0,1,1,1,1,1,0,0,0,0
831,Dublin 1,0,month,0,1495,1,1,1,0,1,1,0,1,0,0,1,0
832,Dublin 1,0,month,0,1595,1,1,0,1,1,1,0,1,0,0,0,0
833,Dublin 8,18,month,0,1850,1,2,0,0,1,1,1,1,0,0,0,0
834,Dublin 18,7,month,0,1900,2,2,1,1,1,1,1,1,0,0,1,0
835,Dublin 14,4,month,0,1750,1,1,1,1,1,1,1,1,0,0,1,0
836,Dublin 18,7,month,0,2250,2,2,1,1,1,1,1,1,1,0,1,0
837,Dublin 6,15,month,0,2000,2,2,1,1,1,1,1,1,0,0,1,0
838,Dublin 4,13,month,0,1900,1,1,1,1,1,1,1,1,0,0,1,0
839,Dublin 18,7,month,0,1850,1,1,1,1,1,1,1,1,0,0,1,0
840,Dublin 14,4,month,0,1800,1,2,1,1,1,1,1,1,0,0,1,0
841,Dublin 18,7,month,0,1900,2,2,1,1,1,1,1,1,0,0,1,0
842,Dun Laoghaire A94,22,month,0,1900,2,2,1,1,1,1,1,1,0,0,1,0
843,Dublin 18,7,month,0,2500,3,3,0,1,1,1,1,1,0,0,1,0
844,Dublin 18,7,month,0,2300,2,2,1,1,1,1,1,1,0,0,0,0
845,Dublin 18,7,month,0,2200,2,2,1,1,1,1,1,1,0,0,1,0
846,Dublin 18,7,month,0,2000,2,2,1,1,1,1,1,1,1,0,1,0
847,Dublin 18,7,month,0,2100,2,2,1,1,1,1,1,1,0,0,1,0
848,Dublin 18,7,month,0,2150,2,2,1,1,1,1,1,1,0,0,1,0
849,Dublin 2,8,month,0,1795,1,2,0,0,1,1,1,1,0,0,0,0
850,Dublin 2,8,month,0,1795,1,2,0,0,1,0,0,1,0,0,0,0
851,Dublin 2,8,month,0,3500,1,1,1,1,1,1,1,0,0,0,0,0
852,Dublin 2,8,month,0,2100,1,1,0,1,1,1,1,0,0,0,0,0
853,Dublin 18,7,month,0,1795,2,2,1,1,1,0,0,0,0,0,0,0
854,Dublin 7,17,month,0,1798,1,2,0,1,1,1,0,1,0,0,0,0
855,Dublin 4,13,month,0,2053,2,2,1,1,1,1,0,0,0,0,1,0
856,Dublin 3,12,month,0,1900,1,2,1,1,1,1,0,1,0,0,0,0
857,Dublin 4,13,month,0,1830,2,2,1,1,1,1,0,0,0,0,1,0
858,Dublin 6,15,month,0,2686,3,3,1,1,1,0,0,0,0,0,1,0
859,Dublin 2,8,month,0,1875,1,2,0,1,1,1,1,1,0,0,0,0
860,Dublin 8,18,month,0,1690,1,2,1,1,1,0,0,1,0,0,1,0
861,Dublin 1,0,month,0,1430,1,1,1,1,1,1,0,1,0,0,0,0
862,Dublin 2,8,month,0,1800,1,2,1,1,1,1,1,1,0,0,1,0
863,Dublin 8,18,month,0,2500,2,3,0,1,1,1,1,1,0,0,1,0
864,Dublin 2,8,month,0,5950,3,3,0,1,1,1,1,1,0,0,1,0
865,Dublin 4,13,month,0,2100,1,2,0,1,1,1,0,1,0,0,1,0
866,Dublin 4,13,month,0,2100,1,3,0,1,1,0,1,1,0,0,0,0
867,Dublin 1,0,month,0,1686,1,1,1,1,1,0,1,1,0,0,1,0
868,Dublin 15,5,month,0,1730,1,1,1,1,1,0,1,1,0,0,1,0
869,Dublin 15,5,month,0,1785,2,3,0,1,1,0,1,0,0,0,1,0
870,Dublin 18,7,month,0,1850,1,2,1,1,1,0,1,0,0,0,1,0
871,Dublin 6,15,month,0,1550,1,1,1,0,1,1,0,1,0,0,0,0
872,Dublin 3,12,month,0,1800,2,2,1,1,1,1,1,1,0,0,1,0
873,Dun Laoghaire A9X,24,month,0,1950,2,2,1,1,1,1,1,1,0,0,0,0
874,Dublin 18,7,month,0,1596,1,1,1,1,1,1,1,1,0,0,0,0
875,Dublin 12,2,month,0,1499,1,1,1,1,1,1,1,1,0,0,1,0
876,Dublin 3,12,month,0,1550,1,1,1,0,1,0,1,1,0,0,1,0
877,Dublin 7,17,month,0,1620,1,2,1,1,1,0,1,1,0,0,1,0
878,Dublin 6,15,month,0,1500,1,1,1,0,0,0,0,0,0,0,0,0
879,Dublin 2,8,month,0,4500,2,3,1,1,1,1,1,1,1,0,1,1
880,Dublin 2,8,month,0,3250,2,2,1,1,1,1,1,1,0,0,1,1
881,Dublin 4,13,month,0,2150,1,2,1,0,0,0,0,0,0,0,0,0
882,Dublin 2,8,month,0,2000,2,2,1,0,0,0,0,0,0,0,0,0
883,Dublin 1,0,month,0,1700,1,2,0,0,0,0,0,0,0,0,0,0
884,Dublin 14,4,month,0,3800,3,3,1,1,1,1,1,1,0,0,0,0
885,Dublin 1,0,month,0,1350,1,1,0,0,1,0,0,1,0,0,1,0
886,Dublin 1,0,month,0,1800,1,2,1,1,0,0,0,0,0,0,0,0
887,Dublin 9,19,month,0,1450,1,1,1,1,0,0,0,0,0,0,0,0
888,Dublin 7,17,month,0,2074,2,2,1,1,1,1,1,1,0,0,1,0
889,Dublin 1,0,month,0,2240,1,2,1,1,1,1,1,1,0,0,1,0
890,Dublin 3,12,month,0,1815,2,2,0,0,1,1,1,1,0,0,0,0
891,Dublin 4,13,month,0,3200,2,2,1,1,1,1,1,1,0,0,1,0
892,Dublin 7,17,month,0,1725,1,1,1,0,1,1,1,1,0,0,1,0
893,Dublin 4,13,month,0,2800,2,2,0,1,1,1,1,1,0,0,1,0
894,Dublin 12,2,month,0,1400,1,2,1,1,1,0,0,1,0,0,1,0
895,Dublin 2,8,month,0,1950,1,2,0,1,1,0,1,1,0,0,1,0
896,Dublin 6,15,month,0,2095,2,2,1,1,1,0,1,1,0,0,1,0
897,Dublin 1,0,month,0,1675,1,2,0,1,1,0,0,1,0,0,0,0
898,Dublin 9,19,month,0,1425,2,2,0,0,1,1,1,1,0,0,1,0
899,Dublin 18,7,month,0,3135,2,3,1,1,1,1,1,1,0,0,1,0
900,Dublin 18,7,month,0,1900,2,2,1,1,1,1,1,1,0,0,1,0
901,Dublin 18,7,month,0,1910,2,2,1,1,1,1,1,1,0,0,0,1
902,Dublin 2,8,month,0,1675,1,1,0,0,1,1,1,1,0,0,0,0
903,Dublin 2,8,month,0,1750,1,1,0,0,1,1,1,1,0,0,1,0
904,Dublin 18,7,month,0,2000,2,2,0,1,1,1,1,1,0,0,1,0
905,Dublin 15,5,month,0,1950,2,2,1,1,1,1,1,1,0,0,0,0
906,Dublin 1,0,month,0,1675,2,2,0,0,1,1,1,1,0,0,1,0
907,Dublin 13,3,month,0,1763,1,2,0,0,1,0,1,1,0,0,0,0
908,Dublin 22,10,month,0,1550,2,2,1,1,1,1,1,1,0,0,0,0
909,Dublin 18,7,month,0,2030,2,2,0,1,1,1,1,1,0,0,1,0
910,Dublin 11,1,month,0,1660,2,2,0,1,1,1,1,1,0,0,1,0
911,Dublin 11,1,month,0,1603,1,1,0,0,1,1,1,1,0,0,1,0
912,Dublin 18,7,month,0,2820,2,3,0,1,1,1,1,1,0,0,1,0
913,Dublin 18,7,month,0,2305,2,2,1,1,1,1,1,1,0,0,1,0
914,Dublin 24,11,month,0,1500,2,2,1,1,1,1,1,1,0,0,1,0
915,Dublin 18,7,month,0,2095,2,2,0,1,1,1,1,1,0,0,1,0
916,Dublin 18,7,month,0,1920,2,2,0,1,1,1,1,1,0,0,1,0
917,Dublin 8,18,month,0,1780,1,1,1,0,1,0,1,1,0,0,1,0
918,Dublin 7,17,month,0,1395,1,1,0,1,1,1,0,1,0,0,0,0
919,Dublin 18,7,month,0,1925,2,2,1,1,1,1,1,1,0,1,1,0
920,Dublin 2,8,month,0,2660,3,2,0,1,1,1,1,1,0,1,0,1
921,Dublin 18,7,month,0,1845,1,1,0,0,1,0,1,1,0,0,0,0
922,Dublin 2,8,month,0,2140,2,2,0,1,1,1,1,1,0,0,0,0
923,Dublin 18,7,month,0,2000,2,2,0,1,1,1,1,1,0,0,1,0
924,Dublin 18,7,month,0,2000,2,2,0,1,1,1,1,1,0,0,1,0
925,Dublin Fingal K67,21,month,0,1875,2,2,1,1,1,0,1,1,0,0,1,0
926,Dublin 18,7,month,0,1990,2,2,0,1,1,1,1,1,0,0,1,0
927,Dublin 18,7,month,0,3035,2,2,1,1,1,1,1,1,0,0,1,0
928,Dublin 6,15,month,0,2015,2,2,0,1,1,1,1,1,0,0,1,0
929,Dublin Fingal K67,21,month,0,2335,2,3,0,1,1,0,1,1,0,0,1,0
930,Dublin 11,1,month,0,1710,1,1,0,0,1,1,1,1,0,0,1,0
931,Dublin 1,0,month,0,1715,2,2,0,0,1,1,1,1,0,0,1,0
932,Dublin 2,8,month,0,1850,1,2,1,1,1,1,1,1,0,0,0,0
933,Dublin 1,0,month,0,1329,1,1,1,0,1,1,1,1,0,0,1,0
934,Dublin 2,8,month,0,1950,1,2,1,0,1,0,0,1,0,0,0,1
935,Dublin 4,13,month,0,1800,1,2,0,1,1,0,1,1,0,0,0,0
936,Dublin 6,15,month,0,1325,1,1,0,0,1,1,0,1,0,0,1,0
937,Dublin 1,0,month,0,2700,2,3,1,1,1,1,1,1,0,0,0,0
938,Dublin 7,17,week,1,405,1,1,0,1,1,1,1,1,0,0,0,0
939,Dublin 7,17,week,1,405,1,1,0,0,1,1,0,1,0,0,0,0
940,Dublin 2,8,month,0,1850,1,2,0,1,1,1,1,1,0,0,0,0
941,Dublin 2,8,month,0,1850,1,2,0,1,1,1,1,1,0,0,0,0
942,Dublin 2,8,month,0,2000,1,2,0,1,1,1,1,1,0,0,0,0
943,Dublin 6,15,month,0,1250,1,1,0,1,1,1,0,1,0,0,0,0
944,Dublin 4,13,month,0,1850,1,2,1,0,0,0,0,0,0,0,0,0
945,Dublin 1,0,month,0,2300,2,2,0,1,1,1,1,1,0,0,1,0
946,Dublin 8,18,month,0,1950,2,2,1,1,1,1,1,1,0,0,1,0
947,Dublin 20,9,month,0,1550,1,2,1,1,1,0,0,1,0,0,1,0
948,Dublin 1,0,month,0,2000,1,2,1,1,1,1,1,1,0,1,1,0
949,Dun Laoghaire A94,22,month,0,1875,2,2,1,1,1,1,1,1,0,0,1,0
950,Dublin 7,17,month,0,1633,1,2,1,0,1,0,0,0,0,0,0,0
951,Dublin 4,13,month,0,1795,1,1,0,1,1,1,1,1,0,0,0,0
952,Dublin 8,18,month,0,1808,1,1,1,1,1,0,0,1,0,0,1,0
953,Dublin 8,18,month,0,1495,1,1,0,1,1,0,0,1,0,0,0,0
954,Dun Laoghaire A96,23,month,0,1535,1,2,0,1,1,0,0,1,0,0,0,0
955,Dublin 1,0,month,0,1495,1,1,0,1,1,0,0,1,0,0,1,0
956,Dun Laoghaire A96,23,month,0,1510,1,1,0,0,1,0,0,1,0,0,0,0
957,Dublin Fingal K36,20,month,0,1850,2,2,1,1,1,1,1,1,0,0,1,0
958,Dublin 18,7,month,0,2800,2,3,1,1,1,1,1,1,0,0,1,0
959,Dublin 6,15,month,0,1400,1,2,0,1,1,0,0,1,0,0,0,0
960,Dublin 5,14,month,0,1400,1,2,1,1,1,0,0,1,0,0,0,0
961,Dublin Fingal K36,20,month,0,1700,1,1,1,1,1,0,1,1,0,0,1,0
962,Dublin 20,9,month,0,2200,3,3,0,1,1,0,1,1,0,0,0,0
963,Dublin 1,0,month,0,1600,1,1,0,1,1,0,0,1,0,0,0,0
964,Dublin Fingal K36,20,month,0,1850,2,2,1,1,1,0,1,1,0,0,0,0
965,Dublin 5,14,month,0,1600,2,2,1,1,1,1,1,1,0,0,0,0
966,Dublin 8,18,month,0,1740,2,2,0,1,1,0,0,1,0,0,1,0
967,Dublin 4,13,month,0,1800,1,1,0,1,1,1,1,1,0,0,0,0
968,Dublin 6,15,month,0,1250,1,1,0,1,1,0,0,1,0,0,0,0
969,Dublin 1,0,month,0,2200,2,2,1,1,1,0,1,1,0,0,1,0
970,Dublin 8,18,month,0,1900,1,2,0,1,1,0,1,1,0,0,1,0
971,Dublin 4,13,month,0,1950,2,2,1,0,1,0,1,1,0,0,1,0
972,Dublin 15,5,month,0,1700,1,2,1,0,1,0,0,1,0,0,1,1
973,Dublin 16,6,month,0,1450,1,2,0,1,1,0,0,1,0,0,1,0
974,Dublin 8,18,month,0,1900,2,3,0,1,1,0,0,1,0,0,1,0
975,South Dublin K78,25,month,0,1700,1,2,1,1,1,1,1,1,0,0,1,0
976,Dublin 8,18,month,0,1400,1,2,0,1,1,0,0,1,0,0,1,0
977,Dublin 16,6,month,0,1675,2,2,1,1,1,0,1,1,0,0,1,0
978,Dublin 14,4,month,0,1600,1,2,1,1,1,1,1,1,0,0,1,0
979,Dublin 6,15,month,0,1900,2,2,1,1,1,0,1,1,0,0,1,0
980,Dublin 7,17,month,0,1850,1,1,0,0,1,1,1,1,0,0,1,0
981,Dublin 8,18,month,0,1495,1,2,1,1,1,1,0,1,0,0,1,0
982,Dublin 7,17,month,0,1590,1,2,1,1,1,1,1,1,0,0,0,0
983,Dublin 8,18,month,0,1650,1,2,0,1,1,1,0,1,0,0,0,0
984,Dublin 8,18,month,0,1290,1,1,1,1,1,0,0,1,0,0,0,0
985,Dun Laoghaire A94,22,month,0,1595,1,1,1,1,1,1,1,1,0,0,1,0
986,Dublin 2,8,month,0,1920,2,2,1,0,1,0,0,0,0,0,1,0
987,Dublin 22,10,month,0,1850,2,2,1,1,1,1,1,1,0,0,1,1
988,Dublin 7,17,month,0,1700,1,2,0,0,1,1,1,1,0,0,1,0
989,Dublin 11,1,month,0,1875,2,2,1,1,1,0,1,1,0,0,1,0
990,Dublin 7,17,month,0,1400,1,1,0,0,1,1,1,0,0,0,0,0
991,Dublin 8,18,month,0,1600,1,1,0,0,1,1,1,1,0,0,0,0
992,Dublin 24,11,month,0,1800,1,2,1,0,1,1,0,1,0,0,1,0
993,Dublin 7,17,month,0,1500,1,1,1,1,1,1,0,0,0,0,0,0
994,Dublin 7,17,month,0,1385,1,1,0,0,1,0,0,1,0,0,0,0
995,Dublin 7,17,month,0,1495,1,1,0,0,1,0,0,1,0,0,1,0
996,Dublin 18,7,month,0,1700,1,2,1,1,1,0,1,1,0,0,1,0
997,Dublin 1,0,month,0,2500,2,3,0,1,1,1,1,1,0,0,1,0
998,Dublin 18,7,month,0,1700,1,1,1,1,1,0,1,0,0,0,0,0
999,Dublin 1,0,month,0,2250,1,2,1,1,1,1,1,0,0,1,0,0
1000,Dublin 1,0,month,0,1595,1,1,0,0,1,1,0,1,0,0,1,0
1001,Dublin 1,0,month,0,1400,1,1,0,1,1,1,0,1,0,0,1,0
1002,Dublin 9,19,month,0,1715,2,2,1,1,1,0,1,0,0,0,0,0
1003,Dublin 4,13,month,0,1950,1,2,1,1,1,0,0,1,0,0,1,0
1004,Dublin 6,15,month,0,1600,2,2,0,0,1,1,1,0,0,0,0,0
1005,Dublin 1,0,month,0,1600,1,1,1,1,1,1,1,1,0,0,1,1
1006,Dublin 7,17,month,0,1550,1,1,1,1,1,1,1,1,0,0,0,0
1007,Dublin 1,0,month,0,1600,1,1,0,1,1,0,0,1,0,0,0,0
1008,Dublin 15,5,month,0,1820,2,2,1,1,1,1,0,1,0,0,1,0
1009,Dun Laoghaire A9X,24,month,0,1750,1,1,1,0,0,0,0,0,0,0,0,0
1010,Dublin 1,0,month,0,2000,2,2,0,1,1,1,0,1,0,1,1,0
1011,Dublin 1,0,month,0,2100,1,2,0,1,1,1,0,1,0,1,1,0
1012,Dublin 6,15,month,0,2000,1,3,1,1,1,1,0,1,1,1,1,0
1013,Dublin 1,0,month,0,1500,1,2,0,1,1,1,1,1,0,1,0,0
1014,Dublin 1,0,month,0,1400,1,1,0,0,1,0,0,1,0,0,1,0
1015,Dublin 14,4,month,0,1650,1,1,1,1,1,1,1,1,0,0,1,0
1016,Dublin 8,18,month,0,1900,1,2,0,1,1,1,1,1,0,0,1,0
1017,Dublin 8,18,month,0,1500,1,1,1,0,1,1,1,1,0,0,0,0
1018,Dublin 7,17,month,0,1700,1,2,1,0,1,0,0,1,0,0,0,0
1019,Dublin 2,8,month,0,2300,1,2,0,1,1,0,1,1,0,0,1,0
1020,Dublin 8,18,month,0,2100,2,2,1,1,1,0,1,1,0,0,1,0
1021,Dublin 1,0,month,0,1400,1,1,0,1,1,0,1,1,0,0,1,0
1022,Dublin 2,8,month,0,1995,1,2,0,1,1,1,1,1,0,0,1,0
1023,Dublin 8,18,month,0,1600,1,2,0,1,1,1,0,1,0,0,0,0
1024,Dublin 7,17,month,0,1700,1,2,1,0,0,0,0,0,0,0,0,0
1025,Dublin 3,12,month,0,2288,2,2,1,1,1,0,1,1,0,0,1,0
1026,Dublin 6,15,month,0,2250,2,2,1,1,1,1,1,1,0,0,1,0
1027,Dublin 15,5,month,0,1665,2,2,1,1,1,1,0,1,0,0,1,0
1028,Dublin 1,0,month,0,1872,1,2,0,1,1,1,0,1,0,0,1,0
1029,Dublin 4,13,month,0,2995,2,2,1,1,1,1,1,1,0,0,1,0
1030,Dublin 8,18,month,0,1350,1,1,1,1,1,1,0,1,0,0,0,0
1031,Dublin 9,19,month,0,1868,2,2,1,1,1,1,0,1,0,0,1,0
1032,Dublin 4,13,month,0,1650,1,1,0,1,0,0,0,1,0,0,1,0
1033,Dublin 4,13,month,0,2120,1,1,1,1,1,0,0,1,0,0,1,0
1034,Dublin 4,13,month,0,3200,2,3,1,1,1,1,0,1,0,0,1,0
1035,Dublin 4,13,month,0,1650,1,1,1,1,1,1,0,1,0,0,1,0
1036,Dun Laoghaire A96,23,month,0,1845,2,2,1,1,1,1,0,1,0,0,0,0
1037,Dublin 8,18,month,0,1750,2,2,0,1,1,0,0,1,0,0,1,0
1038,Dublin 1,0,month,0,1600,1,2,1,0,1,1,0,1,1,0,0,0
1039,Dublin 11,1,month,0,1500,2,2,1,1,1,0,0,1,0,0,1,0
1040,Dublin 11,1,month,0,1700,2,2,1,1,1,0,1,1,0,0,1,0
1041,Dublin 14,4,month,0,1850,1,2,1,1,1,1,1,1,0,0,1,0
1042,Dublin 8,18,month,0,2600,3,3,1,1,0,0,0,1,0,0,1,0
1043,Dublin 1,0,month,0,1875,1,2,1,1,1,1,0,1,1,0,0,0
1044,Dublin 15,5,month,0,1490,2,2,1,0,1,0,1,1,0,0,1,0
1045,Dublin 11,1,month,0,1800,2,2,1,1,1,0,1,1,0,0,1,0
1046,Dublin 9,19,month,0,1700,1,3,1,0,1,0,0,1,0,0,0,0
1047,Dublin 8,18,month,0,1400,1,1,0,0,1,0,0,1,0,0,0,0
1048,Dublin 15,5,month,0,3000,4,4,1,0,1,0,1,0,0,0,0,0
1049,Dublin 8,18,month,0,1600,1,2,1,1,1,1,0,1,0,0,0,0
1050,Dublin 4,13,month,0,1750,1,2,1,1,1,0,0,1,1,0,0,0
1051,Dublin 11,1,month,0,1767,1,2,1,1,1,0,0,1,1,0,1,0
1052,Dublin 7,17,month,0,3100,3,4,0,1,1,1,0,1,0,0,1,0
1053,Dublin 14,4,month,0,1312,1,1,1,0,1,0,0,0,0,0,1,0
1054,Dublin 2,8,month,0,2200,2,2,1,1,1,1,1,1,0,0,1,0
1055,Dublin 16,6,month,0,1600,2,2,1,1,1,0,1,1,0,0,1,0
1056,Dublin 2,8,month,0,1500,1,1,0,1,1,1,1,1,0,0,1,0
1057,Dublin 6,15,month,0,1450,1,1,1,1,1,0,0,1,0,0,0,0
1058,Dublin 2,8,month,0,1450,1,1,0,1,1,1,1,1,0,0,0,0
1059,Dublin 8,18,month,0,1800,1,2,1,1,1,1,0,1,0,0,0,0
1060,Dublin 2,8,month,0,1450,1,1,0,1,1,1,0,1,0,0,0,0
1061,Dublin Fingal K67,21,month,0,1550,1,2,1,0,1,0,0,1,0,0,1,0
1062,Dublin 24,11,month,0,1875,2,2,1,1,1,0,1,1,0,0,1,0
1063,Dublin 1,0,month,0,2100,2,2,0,0,1,0,0,1,0,0,1,0
1064,Dublin 4,13,month,0,2200,2,2,0,1,1,1,1,1,0,0,1,0
1065,Dublin 9,19,month,0,1600,1,1,1,1,1,1,1,1,0,0,1,0
1066,Dublin 8,18,month,0,1700,2,2,1,1,1,0,0,1,0,0,1,0
1067,Dublin 8,18,month,0,1400,1,1,0,1,1,1,0,1,0,0,0,0
1068,Dublin 4,13,month,0,1850,2,2,1,1,1,1,0,1,0,0,1,0
1069,Dublin 14,4,month,0,1800,1,2,1,1,1,0,0,1,0,0,1,0
1070,Dublin 3,12,month,0,1650,1,1,1,1,1,1,0,1,0,0,1,0
1071,Dublin 9,19,month,0,1500,1,1,1,1,1,1,1,1,0,0,1,0
1072,Dublin 1,0,month,0,1400,1,1,0,0,1,0,0,1,0,0,1,0
1073,Dublin 18,7,month,0,2100,2,2,1,0,0,0,0,0,0,0,0,0
1074,Dublin 6,15,month,0,1450,1,1,0,1,1,1,0,1,0,0,0,1
1075,Dun Laoghaire A94,22,month,0,2100,2,2,1,1,1,0,1,1,0,0,1,0
1076,Dublin 11,1,month,0,1700,2,2,1,0,1,0,1,1,0,0,1,0
1077,Dublin 3,12,month,0,2500,3,3,0,0,1,0,0,1,0,0,1,0
1078,Dublin 14,4,month,0,2500,2,2,1,1,1,0,1,1,0,0,1,0
1079,Dublin 8,18,month,0,1700,1,2,0,1,1,1,0,1,0,0,1,0
1080,Dublin 1,0,month,0,1500,1,1,0,1,1,0,1,1,0,0,0,0
1081,Dublin 8,18,month,0,1800,1,2,0,1,1,0,0,1,0,0,1,0
1082,Dublin 2,8,month,0,1674,1,1,0,0,1,0,1,1,0,0,1,1
1083,Dublin 8,18,month,0,1500,1,1,0,1,1,1,0,1,0,0,1,0
1084,Dublin 1,0,month,0,1500,1,1,0,1,1,1,0,1,0,0,0,0
1085,Dublin 2,8,month,0,1800,1,1,0,1,1,0,0,1,0,0,0,0
1086,Dublin 1,0,month,0,1400,1,1,0,1,1,0,0,1,0,0,0,0
1087,Dublin 1,0,month,0,1350,1,1,0,1,1,0,0,1,0,0,0,0
1088,Dublin 14,4,month,0,1560,1,2,0,0,1,0,0,0,0,0,0,0
1089,Dublin 8,18,month,0,2400,1,3,0,1,1,0,0,0,0,0,1,0
1090,Dun Laoghaire A94,22,month,0,2550,3,3,1,1,1,1,1,1,0,0,1,0
1091,Dublin 12,2,month,0,1424,2,2,1,1,1,1,0,1,0,0,0,0
1092,Dublin 3,12,month,0,1950,2,2,1,1,1,1,1,1,0,0,1,0
1093,Dublin 6,15,month,0,1850,1,2,1,0,1,0,0,1,0,0,1,0
1094,Dublin 15,5,month,0,1850,2,2,1,1,1,1,1,1,0,0,1,0
1095,Dublin 13,3,month,0,1700,2,2,1,1,1,0,1,1,0,0,0,0
1096,Dublin 3,12,month,0,1560,1,2,0,0,1,1,0,1,0,0,1,0
1097,Dublin 6,15,month,0,2175,2,3,1,0,1,1,1,1,0,0,1,0
1098,Dublin 15,5,month,0,1900,2,2,1,1,1,1,1,1,0,0,1,0
1099,Dublin 8,18,month,0,1600,1,2,1,0,1,1,0,1,0,0,1,0
1100,Dublin 7,17,month,0,1500,1,1,0,1,1,0,1,1,0,0,1,1
1101,Dublin 7,17,month,0,2000,2,3,0,1,1,0,0,0,0,0,1,1
1102,Dublin 8,18,month,0,2295,1,4,0,1,1,0,0,1,0,0,1,1
1103,Dublin 7,17,month,0,1295,1,1,0,1,1,0,0,1,0,0,1,1
1104,Dublin 1,0,month,0,1700,1,2,0,1,1,0,0,1,0,0,1,1
1105,Dublin 7,17,month,0,1600,1,2,0,1,1,1,0,0,0,0,1,1
1106,Dublin 1,0,month,0,1000,1,1,0,1,1,0,0,1,0,0,0,1
1107,Dublin 1,0,month,0,1495,1,2,0,1,1,0,0,1,0,0,0,1
1108,Dublin 8,18,month,0,1700,1,1,0,1,1,0,0,1,0,0,0,1
1109,Dublin 7,17,month,0,1350,1,1,0,1,1,0,0,1,0,0,1,1
1110,Dublin 7,17,month,0,1500,1,1,0,1,1,1,1,1,0,0,1,1
1111,Dublin 2,8,month,0,2250,2,2,1,1,1,1,1,1,0,0,1,0
1112,Dublin 14,4,month,0,1595,1,1,1,1,1,1,1,1,0,0,1,0
1113,Dublin 13,3,month,0,1950,2,2,1,1,1,1,1,1,0,0,1,0
1114,Dublin 2,8,month,0,1495,1,1,0,1,1,1,0,1,0,0,1,0
1115,Dublin 2,8,month,0,1980,2,2,0,1,1,1,1,1,0,0,0,0
1116,Dublin 2,8,month,0,1495,1,1,0,1,1,1,0,1,0,0,1,0
1117,Dublin 8,18,month,0,2950,2,3,1,1,1,1,1,1,0,0,1,0
1118,Dublin 2,8,month,0,1550,1,1,0,0,0,0,0,0,0,0,1,0
1119,Dublin 2,8,month,0,2800,2,2,1,0,1,1,1,1,1,0,1,0
1120,Dublin 1,0,month,0,1750,1,2,0,0,1,1,0,1,0,0,0,0
1121,Dublin 1,0,month,0,1550,1,1,0,0,0,0,0,0,0,0,1,0
1122,Dublin 5,14,month,0,1750,1,2,1,0,1,0,1,1,0,0,1,0
1123,Dublin 1,0,month,0,1600,1,1,0,0,1,1,0,1,0,0,1,0
1124,Dublin 1,0,month,0,1550,1,1,0,0,1,0,0,1,0,0,1,0
1125,Dublin 1,0,month,0,2300,2,2,1,0,1,1,1,1,0,0,1,0
1126,Dublin 2,8,week,1,850,2,2,1,1,1,1,1,1,0,0,1,1
1127,Dublin 2,8,week,1,800,2,2,1,1,1,1,1,1,0,0,1,1
1128,Dublin 2,8,week,1,750,2,2,1,1,1,1,1,1,0,0,1,1
1129,Dublin 2,8,week,1,800,2,2,0,1,1,1,1,1,0,0,1,1
1130,Dublin 2,8,week,1,850,2,2,1,1,1,1,1,1,0,0,1,1
1131,Dublin 2,8,week,1,630,1,1,1,1,1,1,0,1,0,0,1,1
1132,Dublin 2,8,week,1,700,1,1,1,1,1,1,1,1,0,0,1,1
1133,Dublin 2,8,week,1,850,2,2,1,1,1,1,1,1,0,0,1,1
1134,Dublin 2,8,month,0,2950,2,2,1,1,1,1,1,1,0,0,1,0
1135,Dublin 1,0,month,0,1280,1,1,0,1,1,0,0,1,0,0,0,0
1136,Dublin 8,18,month,0,1800,1,2,0,0,1,0,1,1,0,0,1,0
1137,Dublin 18,7,month,0,1680,1,2,1,1,1,1,0,1,0,0,0,0
1138,Dublin 6,15,month,0,1500,1,1,1,1,1,0,0,1,0,0,0,0
1139,Dublin 4,13,month,0,1730,1,1,0,1,1,1,1,1,0,0,0,0
1140,Dublin 6,15,month,0,2400,3,3,1,1,1,0,1,0,0,0,1,0
1141,Dublin 6,15,month,0,1450,1,1,1,0,1,0,0,0,0,0,0,0
1142,Dublin 16,6,month,0,2245,2,3,1,1,1,1,1,1,0,0,1,0
1143,Dublin 2,8,month,0,1450,1,1,1,1,1,0,0,0,0,0,0,0
1144,Dublin 14,4,month,0,2122,2,2,1,1,1,1,0,0,0,0,1,0
1145,Dublin 2,8,month,0,1850,1,2,0,0,1,0,1,1,0,0,0,0
1146,Dublin 4,13,month,0,2000,1,2,1,1,1,1,0,1,0,0,1,0
1147,Dun Laoghaire A96,23,month,0,2150,2,2,1,1,1,0,1,1,0,0,1,0
1148,Dublin 6,15,month,0,1693,1,2,1,0,1,1,0,0,0,0,1,0
1149,Dublin 2,8,month,0,1550,1,1,0,0,1,1,0,1,0,0,1,0
1150,Dun Laoghaire A94,22,month,0,1832,1,2,1,1,1,1,1,0,0,0,1,0
1151,Dublin 18,7,month,0,1800,2,2,1,0,1,0,1,1,0,0,0,0
1152,Dublin 6,15,month,0,1400,1,1,0,1,1,1,0,1,0,0,0,0
1153,Dublin 18,7,month,0,2200,2,3,1,0,1,0,1,1,0,0,1,0
1154,Dublin 8,18,month,0,1900,2,2,1,1,1,0,1,1,0,0,1,0
1155,Dublin 1,0,month,0,2300,1,3,0,1,1,1,0,1,0,0,0,0
1156,Dun Laoghaire A96,23,month,0,3900,3,3,1,1,1,1,1,1,0,0,1,0
1157,Dun Laoghaire A96,23,month,0,2900,2,2,1,1,1,1,1,0,0,0,1,0
1158,Dun Laoghaire A96,23,month,0,1957,2,2,1,1,1,1,1,1,0,0,0,0
1159,Dublin 4,13,month,0,1650,1,2,1,1,1,0,1,1,0,0,0,0
1160,Dublin 4,13,month,0,1900,2,2,1,1,1,1,1,1,0,0,1,0
1161,Dublin 18,7,month,0,2000,2,2,1,1,1,1,1,1,0,0,1,0
1162,Dun Laoghaire A9X,24,month,0,2100,2,2,1,1,1,1,1,1,0,0,1,0
1163,Dublin 14,4,month,0,1900,2,2,1,1,1,1,0,1,0,0,1,0
1164,Dublin 1,0,month,0,3000,2,3,0,1,1,1,1,1,0,0,1,0
1165,Dublin 9,19,month,0,1900,2,2,1,0,0,0,0,0,0,0,0,0
1166,Dublin 6,15,month,0,1650,1,2,1,0,0,0,0,0,0,0,0,0
1167,Dublin 9,19,month,0,1700,1,2,1,0,0,0,0,0,0,0,0,0
1168,Dublin 14,4,month,0,1995,2,2,1,1,1,0,1,1,0,0,1,0
1169,Dublin 18,7,month,0,1825,2,2,1,1,1,0,1,1,0,0,1,0
1170,Dublin 18,7,month,0,2000,2,3,1,1,1,0,0,1,0,0,1,0
1171,Dublin 3,12,month,0,1800,1,2,1,0,1,1,1,0,0,0,0,0
1172,Dublin 18,7,month,0,1900,2,2,1,0,1,1,0,1,0,0,1,0
1173,Dublin 18,7,month,0,1896,2,2,0,1,1,0,0,0,0,0,1,0
1174,Dun Laoghaire A9X,24,month,0,2395,3,3,1,0,1,0,1,1,0,0,1,0
1175,Dublin 4,13,month,0,2250,2,2,1,1,1,1,1,1,0,0,0,0
1176,Dublin 8,18,month,0,1750,1,2,0,0,1,1,0,0,0,0,0,0
1177,Dublin 4,13,month,0,2125,1,2,1,0,1,1,1,1,0,0,0,0
1178,Dublin 8,18,month,0,1480,1,1,1,1,1,0,0,1,0,0,1,0
1179,Dublin 3,12,month,0,1550,1,2,1,1,1,0,1,1,0,1,1,0
1180,Dublin 4,13,week,1,500,1,1,1,1,1,1,0,1,0,0,1,1
1181,Dublin 4,13,month,0,1900,2,2,1,1,1,1,1,1,0,0,0,0
1182,Dublin 14,4,month,0,1781,2,2,1,1,1,1,1,0,0,0,1,0
1183,Dun Laoghaire A94,22,month,0,1895,1,2,1,1,0,0,0,0,0,0,1,0
1184,Dublin 2,8,month,0,2600,2,2,1,0,1,0,1,1,0,0,0,0
1185,Dublin 4,13,month,0,2200,2,2,0,1,1,1,1,1,0,0,1,0
1186,Dublin 2,8,month,0,2400,1,2,0,1,1,0,0,1,0,0,1,0
1187,Dublin 4,13,month,0,2600,2,2,1,1,1,1,1,1,0,0,1,0
1188,Dublin 4,13,month,0,2200,2,2,0,1,1,1,1,1,0,0,1,0
1189,Dublin 4,13,month,0,1500,1,1,1,1,1,1,0,1,0,0,0,0
1190,Dublin 1,0,month,0,1950,2,2,0,1,1,1,1,0,0,0,1,0
1191,Dublin 4,13,month,0,2900,2,2,1,1,1,1,1,1,0,0,1,0
1192,Dublin 2,8,month,0,1850,1,2,0,1,1,0,0,0,0,0,1,0
1193,Dublin 1,0,month,0,1650,1,1,0,1,1,1,1,0,0,0,1,0
1194,Dublin 4,13,month,0,2350,2,2,1,1,1,1,1,1,0,0,1,0
1195,Dublin 6,15,month,0,2400,2,2,1,1,1,0,1,1,0,0,1,0
1196,Dublin 6,15,month,0,1650,1,1,1,1,1,1,1,1,0,0,1,0
1197,Dublin 4,13,month,0,1995,1,2,0,1,0,0,0,0,0,0,0,0
1198,Dublin 14,4,month,0,2200,2,2,1,1,1,1,1,1,1,0,1,0
1199,Dublin 4,13,month,0,1850,1,1,0,1,1,1,1,1,0,0,1,0
1200,Dublin 4,13,month,0,2100,2,2,1,1,1,1,0,1,0,0,0,0
1201,Dublin 4,13,month,0,2300,2,2,1,1,1,1,0,1,0,0,1,0
1202,Dublin 14,4,month,0,2200,2,2,1,1,1,1,1,1,1,0,1,0
1203,Dublin 2,8,month,0,2300,1,2,0,1,1,1,1,0,0,0,1,0
1204,Dublin 5,14,month,0,3000,2,3,1,1,1,1,0,0,0,0,0,0
1205,Dublin 14,4,month,0,1873,2,2,1,1,1,1,1,1,0,0,0,0
1206,Dublin 2,8,month,0,1835,2,2,1,0,1,0,1,1,0,0,1,0
1207,Dublin 4,13,month,0,2700,2,2,1,0,1,1,1,1,0,0,1,0
1208,Dublin 4,13,month,0,2750,2,2,1,1,1,0,1,1,0,0,1,0
1209,Dublin 4,13,month,0,1870,1,1,1,1,1,1,1,1,0,0,1,0
1210,Dublin 6,15,month,0,3250,2,3,1,1,1,1,1,1,0,0,1,0
1211,Dublin 1,0,month,0,2000,1,2,0,0,1,1,1,1,0,0,1,0
1212,Dublin 8,18,month,0,1435,1,1,0,0,1,0,0,1,0,0,1,0
1213,Dublin 14,4,month,0,1750,1,2,1,0,1,1,1,0,0,0,1,0
1214,Dublin 18,7,month,0,2600,3,2,1,1,1,1,1,1,0,0,1,0
1215,Dun Laoghaire A9X,24,month,0,1600,1,1,1,1,1,1,1,1,0,0,1,0
1216,Dublin 4,13,month,0,1930,1,1,1,1,1,1,1,1,0,0,1,0
1217,Dublin 6,15,month,0,1900,1,2,1,1,1,0,1,1,0,0,1,0
1218,Dublin 4,13,month,0,3875,2,2,1,1,1,1,1,1,0,0,0,0
1219,Dublin 4,13,month,0,3100,2,2,1,1,1,1,1,1,0,0,1,0
1220,Dublin 1,0,month,0,2000,1,3,0,0,1,1,0,1,0,0,0,0
1221,Dublin 2,8,month,0,1595,1,1,0,1,1,0,0,1,0,0,0,0
1222,Dublin 18,7,month,0,2150,2,2,1,1,1,1,1,1,0,0,1,0
1223,Dublin 2,8,month,0,3200,1,2,0,1,1,1,1,1,0,0,0,1
1224,Dublin 2,8,month,0,3100,1,2,0,1,1,1,1,1,0,0,1,1
1225,Dublin 3,12,month,0,1800,1,2,0,1,1,1,0,1,0,0,0,0
1226,Dublin 8,18,month,0,2400,1,3,0,1,0,0,1,0,0,0,0,0
1227,Dublin 3,12,month,0,1900,2,2,1,0,1,0,0,1,0,0,0,0
1228,Dublin 3,12,month,0,1800,1,2,1,0,1,0,0,1,0,0,0,0
1229,Dublin 8,18,month,0,1400,1,1,1,0,1,1,0,1,0,0,1,0
1230,Dublin 2,8,month,0,1850,1,2,1,1,1,1,0,1,0,0,1,0
1231,Dublin 1,0,month,0,1650,1,1,0,1,1,1,0,1,0,0,1,0
1232,Dublin 8,18,month,0,1500,1,1,0,0,1,1,1,1,0,0,0,0
1233,Dublin 6,15,month,0,1700,1,1,1,1,1,1,0,0,0,0,1,0
1234,Dublin 1,0,month,0,1568,2,1,0,1,1,1,0,1,0,0,0,0
1235,Dublin 1,0,month,0,2300,2,2,1,1,1,1,1,1,0,1,1,0
1236,Dun Laoghaire A96,23,month,0,1800,1,1,1,1,1,1,1,1,0,0,0,0
1237,Dublin 1,0,month,0,2200,2,2,0,1,1,0,1,1,0,0,1,0
1238,Dublin 2,8,month,0,1400,1,1,0,1,1,0,0,1,0,0,0,0
1239,Dublin 4,13,month,0,1600,1,1,1,1,1,0,0,1,0,0,1,0
1240,Dun Laoghaire A96,23,month,0,2000,2,2,1,1,1,1,1,1,0,0,1,0
1241,Dublin 4,13,month,0,2000,2,2,1,0,1,1,1,1,0,0,1,0
1242,Dublin 6,15,month,0,1750,1,2,0,0,1,1,0,1,0,0,0,0
1243,Dublin 7,17,month,0,1400,1,1,0,1,1,0,0,1,0,0,0,0
1244,Dublin 2,8,month,0,2800,2,3,1,0,0,0,0,0,0,0,0,0
1245,Dublin 1,0,month,0,1725,1,1,0,0,1,0,0,1,0,0,0,1
1246,Dublin 15,5,month,0,2200,1,2,1,1,1,1,1,1,0,1,1,0
1247,Dublin 3,12,month,0,1600,1,2,1,0,1,1,0,1,0,0,0,0
1248,Dublin 3,12,month,0,1900,1,2,1,1,1,1,1,1,0,0,1,1
1249,Dublin 8,18,month,0,1815,1,2,1,1,1,0,0,1,0,0,1,0
1250,Dublin 7,17,month,0,1500,1,1,0,1,1,1,0,1,0,0,1,0
1251,Dublin 3,12,month,0,1700,2,2,1,1,1,1,0,1,0,0,1,0
1252,Dublin 1,0,month,0,1650,1,1,0,1,1,1,1,1,0,0,1,0
1253,Dublin 3,12,month,0,1300,1,1,1,1,1,1,0,1,0,0,1,0
1254,Dublin 1,0,month,0,2650,1,2,0,1,1,0,1,1,0,0,1,0
1255,Dublin 6,15,month,0,1750,2,2,0,1,1,1,1,1,0,0,0,0
1256,Dublin 1,0,month,0,1874,1,2,1,1,1,0,0,1,0,1,1,0
1257,Dublin 2,8,month,0,3000,2,2,1,1,1,1,1,1,0,0,0,0
1258,Dublin 2,8,month,0,1700,1,2,0,1,1,1,0,1,0,0,0,0
1259,Dublin 4,13,month,0,2100,2,2,1,1,1,1,1,1,0,0,1,0
1260,Dublin 2,8,month,0,1500,1,1,0,0,1,0,0,1,0,0,0,0
1261,Dublin 4,13,month,0,2050,1,2,1,1,1,1,1,1,0,0,0,0
1262,Dublin 4,13,month,0,2300,2,2,1,1,1,1,1,1,0,0,1,0
1263,Dublin 18,7,month,0,2100,2,2,0,1,0,0,0,0,0,0,0,0
1264,Dublin 18,7,month,0,2100,2,2,1,1,1,1,1,1,0,0,1,0
1265,Dun Laoghaire A9X,24,month,0,1712,1,2,1,1,1,1,1,1,0,0,1,0
1266,Dublin 6,15,month,0,2000,1,1,1,1,1,0,1,1,0,0,0,0
1267,Dublin 1,0,month,0,1750,1,2,1,1,1,1,1,1,0,0,1,1
1268,Dun Laoghaire A94,22,month,0,2750,2,3,1,1,1,0,1,1,0,0,1,0
1269,Dun Laoghaire A94,22,month,0,1750,1,2,0,0,1,0,0,1,0,0,0,1
1270,Dublin Fingal K36,20,month,0,1500,1,1,1,1,1,0,0,1,0,0,1,0
1271,Dublin 8,18,month,0,2250,1,3,0,1,1,0,0,0,0,0,0,0
1272,Dublin 1,0,month,0,2600,2,2,1,1,1,0,0,1,0,1,1,0
1273,Dublin 3,12,month,0,1500,1,1,1,1,1,0,0,1,0,0,0,1
1274,Dublin 1,0,month,0,1750,1,1,0,1,1,1,1,1,0,0,1,0
1275,Dublin 1,0,month,0,1400,1,1,0,1,1,0,0,1,0,0,1,1
1276,Dun Laoghaire A9X,24,month,0,1900,2,2,1,1,1,1,1,0,0,0,1,1
1277,Dublin 12,2,month,0,1450,1,2,1,1,1,0,0,0,0,0,1,1
1278,Dublin 2,8,month,0,1700,1,1,1,1,1,1,1,1,0,0,0,0
1279,Dublin 2,8,month,0,3700,1,3,0,1,1,1,1,1,0,0,1,0
1280,Dublin 16,6,month,0,1950,2,2,1,1,1,1,1,1,0,0,1,1
1281,Dublin 12,2,month,0,2150,2,3,1,1,1,1,1,1,0,0,1,0
1282,Dublin 2,8,month,0,2000,2,2,0,0,0,0,0,0,0,1,0,0
1283,Dublin 15,5,month,0,1800,2,2,1,1,1,1,0,1,0,1,1,1
1284,Dublin 2,8,month,0,1650,1,1,0,1,1,1,1,1,0,1,1,0
1285,Dublin 4,13,month,0,1750,1,2,0,1,1,1,0,1,0,0,1,1
1286,Dublin 7,17,month,0,2700,2,2,0,1,1,1,1,1,0,0,1,0
1287,Dun Laoghaire A94,22,month,0,2496,2,3,1,1,1,0,1,0,0,0,1,0
1288,Dublin 4,13,month,0,1850,1,2,0,0,1,0,1,1,0,0,0,0
1289,Dublin 2,8,month,0,1950,2,2,0,0,1,1,0,1,0,0,1,0
1290,Dublin 8,18,month,0,2100,2,2,1,0,0,0,0,0,0,0,0,0
1291,Dublin 3,12,month,0,1400,1,1,1,1,1,0,0,1,0,0,0,0
1292,Dublin 2,8,month,0,1725,1,2,0,1,1,0,1,1,0,0,1,0
1293,Dublin 1,0,month,0,1500,1,1,0,1,1,1,0,1,0,0,0,0
1294,Dublin 7,17,month,0,1202,1,1,0,0,1,0,0,1,0,0,0,0
1295,Dun Laoghaire A94,22,month,0,1795,1,1,1,1,1,0,1,1,0,0,1,0
1296,Dublin 7,17,month,0,1800,1,2,0,0,1,0,1,1,0,0,1,0
1297,Dublin Fingal K36,20,month,0,1850,1,2,1,1,1,0,1,1,0,1,1,1
1298,Dublin 5,14,month,0,1995,2,2,1,1,1,1,1,1,0,0,0,0
1299,Dublin 5,14,month,0,2185,2,2,1,1,1,1,1,1,0,0,0,0
1300,Dublin 3,12,month,0,2000,1,2,0,1,0,0,1,0,0,0,0,1
1301,Dublin 9,19,month,0,1500,1,2,1,0,1,0,1,1,0,0,1,0
1302,Dublin 8,18,month,0,1700,1,1,0,1,1,1,1,1,0,0,1,0
1303,Dublin 6,15,month,0,1295,1,1,0,1,1,1,0,1,0,0,0,0
1304,Dublin 15,5,month,0,1800,1,2,1,1,1,0,1,0,0,0,0,0
1305,Dublin 1,0,month,0,2300,2,2,0,1,1,0,1,1,0,0,1,0
1306,Dublin 4,13,month,0,1895,2,2,1,1,1,0,1,1,0,0,1,0
1307,Dublin 4,13,month,0,1850,1,1,1,1,1,0,1,1,0,0,1,0
1308,Dublin 4,13,month,0,2500,2,2,1,1,1,1,1,0,0,0,1,0
1309,Dublin 6,15,month,0,1900,1,2,1,1,1,1,1,1,0,0,1,0
1310,Dublin 12,2,month,0,2050,1,2,1,1,1,0,0,1,0,0,1,0
1311,Dun Laoghaire A9X,24,month,0,1800,1,2,1,1,1,0,1,0,0,0,0,0
1312,Dublin 7,17,month,0,1650,1,2,1,1,0,0,1,1,0,0,1,0
1313,Dublin 15,5,month,0,2350,3,3,1,0,0,0,0,0,0,0,0,0
1314,Dublin Fingal K67,21,month,0,1276,1,1,1,1,1,1,0,1,0,0,0,1
1315,Dublin 1,0,month,0,1500,1,1,0,1,1,1,0,1,0,0,0,0
1316,Dublin 1,0,month,0,1450,1,1,0,1,1,0,0,1,0,0,0,0
1317,Dublin 4,13,week,1,675,2,2,1,1,1,1,1,1,0,0,0,0
1318,Dublin 1,0,week,1,895,2,3,0,1,1,1,1,1,0,0,1,0
1319,Dublin 2,8,month,0,2600,1,2,0,1,1,1,1,1,0,0,1,0
1320,Dublin 2,8,week,1,910,2,3,0,0,0,0,1,0,0,0,0,0
1321,Dublin 1,0,week,1,695,1,2,0,1,1,1,1,1,0,0,0,0
1322,Dun Laoghaire A9X,24,week,1,725,3,3,1,1,1,1,1,1,1,0,1,1
1323,Dublin 2,8,week,1,840,2,2,1,1,1,1,1,1,0,0,1,0
1324,Dublin 2,8,week,1,635,1,1,0,1,1,1,1,1,0,0,1,0
1325,Dublin 1,0,week,1,550,1,1,1,1,1,1,1,1,0,0,1,1
1326,Dublin 2,8,week,1,515,1,1,0,0,1,1,1,1,0,0,0,0
1327,Dublin 1,0,week,1,635,1,1,1,1,1,1,1,1,0,0,1,0
1328,Dublin 8,18,month,0,1465,1,1,0,0,1,0,0,0,0,0,0,0
1329,Dublin 9,19,month,0,1850,1,2,1,1,1,1,0,1,0,0,1,1
1330,Dublin 8,18,month,0,1950,1,2,0,1,1,1,1,1,0,0,1,0
1331,Dublin 4,13,month,0,1775,1,1,1,1,1,1,1,1,0,0,0,0
1332,Dublin 3,12,month,0,1650,1,1,1,1,1,1,1,1,0,0,1,0
1333,Dublin 6W,16,month,0,1800,1,2,0,1,1,0,0,0,0,0,0,0
1334,Dublin 8,18,month,0,1399,1,1,1,1,1,0,0,1,0,1,1,1
1335,Dublin 11,1,month,0,1375,1,1,1,0,1,1,0,0,0,0,0,0
1336,Dublin 4,13,month,0,3200,3,2,1,1,1,1,1,1,0,1,1,1
1337,Dublin 3,12,month,0,3000,3,5,1,0,0,0,0,0,0,0,0,0
1338,Dublin 8,18,month,0,1550,1,1,0,1,1,1,0,1,0,0,1,0
1339,Dublin 2,8,month,0,1750,1,1,0,1,1,0,0,1,0,1,0,0
1340,Dublin 3,12,month,0,1699,1,1,0,0,0,0,0,0,0,1,0,0
1341,Dublin 9,19,month,0,1600,2,2,1,1,1,0,1,1,1,0,1,0
1342,Dublin 4,13,month,0,1410,1,1,1,0,1,0,0,1,0,0,0,0
1343,Dublin 3,12,month,0,1200,1,1,0,1,1,1,0,0,0,0,1,0
1344,Dublin 7,17,month,0,1250,1,1,1,1,1,1,1,1,0,0,1,1
1345,Dublin 4,13,month,0,2500,1,2,1,1,1,1,1,1,0,0,0,0
1346,Dublin 8,18,month,0,1420,1,2,0,0,1,1,1,1,0,0,0,0
1347,Dublin 6,15,month,0,1490,1,2,1,1,1,1,0,1,0,0,0,0
1348,Dublin 6,15,month,0,1450,1,1,1,1,0,0,0,1,0,0,0,0
1349,Dublin 4,13,month,0,1700,1,1,0,1,1,0,0,1,0,0,0,0
1350,Dublin 6,15,month,0,1450,1,2,0,0,1,1,0,1,0,0,0,0
1351,Dublin Fingal K67,21,month,0,1670,2,2,1,1,1,1,1,1,0,0,0,0
1352,Dublin 6,15,month,0,1400,1,1,0,1,0,0,0,1,0,0,0,0
1353,Dublin 6,15,month,0,1300,1,1,0,1,1,1,0,0,0,0,0,0
1354,Dublin 6,15,month,0,1450,1,1,0,1,1,0,0,1,0,0,0,0
1355,Dublin 6,15,month,0,1400,1,1,0,1,0,0,0,1,0,0,0,0
1356,Dublin 3,12,month,0,1248,1,1,1,1,1,1,1,1,0,0,0,1
1357,Dublin 1,0,month,0,2800,3,3,1,1,1,1,0,1,0,0,1,0
1358,Dublin 24,11,month,0,1100,1,1,1,0,0,0,0,0,0,0,0,0
1359,Dublin 24,11,month,0,1475,1,1,1,0,0,0,0,0,0,1,0,0
1360,Dublin 2,8,month,0,2650,1,2,0,1,1,1,1,1,0,0,1,0
1361,Dublin 4,13,month,0,1750,1,1,1,0,1,1,1,1,0,0,0,0
1362,Dublin 11,1,month,0,1425,1,2,0,1,1,1,0,1,0,0,0,1
1363,Dublin 8,18,month,0,1300,1,1,0,1,1,1,1,1,0,0,0,1
1364,Dublin 2,8,month,0,1950,1,2,0,1,1,1,1,1,0,0,1,0
1365,Dublin 1,0,month,0,1400,1,1,0,1,1,1,0,1,0,0,1,1
1366,Dublin 2,8,month,0,1895,1,2,0,1,1,1,1,0,0,0,0,0
1367,Dublin 8,18,month,0,2225,1,2,1,1,1,1,0,1,0,0,0,0
1368,Dublin 4,13,month,0,1850,1,1,0,1,1,1,1,1,0,0,1,1
1369,Dublin 4,13,week,1,735,2,2,1,1,1,1,1,1,0,0,0,0
1370,Dublin 7,17,month,0,1750,1,1,0,1,1,1,1,1,0,0,1,0
1371,Dublin 1,0,week,1,840,2,1,1,1,1,1,1,1,0,0,0,0
1372,Dublin 4,13,week,1,735,2,2,1,1,1,1,1,1,0,0,0,0
1373,Dublin 2,8,week,1,840,1,1,0,1,1,1,1,1,0,0,1,1
1374,Dublin 1,0,week,1,700,2,1,1,1,1,1,1,1,0,0,0,0
1375,Dublin 1,0,week,1,840,2,1,1,1,1,1,1,1,0,0,0,0
1376,Dublin 4,13,month,0,1950,1,1,1,1,1,1,1,1,0,0,1,1
1377,Dublin 1,0,week,1,840,2,1,1,1,1,1,1,1,0,0,0,0
1378,Dublin 2,8,week,1,700,1,1,0,1,1,1,1,1,0,0,1,1
1379,Dublin 4,13,week,1,840,1,1,1,1,1,1,1,1,0,0,1,1
1380,Dublin 2,8,month,0,2400,2,2,0,1,1,1,1,1,0,1,1,0
1381,Dublin 8,18,month,0,1800,1,1,0,1,1,1,1,1,0,0,1,0
1382,Dublin 2,8,month,0,1785,1,1,0,0,1,1,1,1,0,0,0,0
1383,Dublin 2,8,month,0,2000,2,2,0,1,1,1,1,1,0,0,0,0
1384,Dublin 1,0,week,1,840,2,1,1,1,1,1,1,1,0,0,0,0
1385,Dublin 1,0,month,0,1750,2,1,0,1,1,1,1,1,0,0,1,1
1386,Dublin 2,8,week,1,700,1,1,0,1,1,1,1,1,0,0,1,1
1387,Dublin 4,13,month,0,3200,2,2,1,1,1,0,0,1,0,0,0,0
1388,Dublin 4,13,month,0,3000,2,2,1,1,1,1,1,1,0,0,1,0
1389,Dublin 4,13,month,0,3300,2,2,1,1,1,1,1,1,0,0,1,0
1390,Dublin 4,13,month,0,1650,1,1,1,0,1,1,1,1,0,1,0,0
1391,Dublin 1,0,month,0,2200,1,3,1,1,1,0,1,1,0,0,0,0
1392,Dublin 1,0,month,0,1800,1,2,1,1,1,1,1,1,0,0,0,0
1393,Dublin 6,15,month,0,1600,1,2,0,1,0,0,0,0,0,0,0,0
1394,Dublin 4,13,month,0,1600,1,1,1,0,1,1,0,1,0,0,1,0
1395,Dublin 4,13,month,0,1450,1,1,0,1,1,1,1,1,0,0,1,0
1396,Dublin 6,15,month,0,1800,2,2,1,1,1,1,0,1,0,0,0,0
1397,Dun Laoghaire A9X,24,month,0,1450,1,1,1,0,1,1,0,1,0,0,1,1
1398,Dublin 12,2,month,0,1300,1,1,0,0,1,1,0,1,0,0,0,0
1399,Dublin 2,8,month,0,1450,1,1,0,1,1,1,1,1,0,0,1,0
1400,Dublin 1,0,month,0,1250,1,1,1,0,1,1,0,1,0,0,0,0
1401,Dublin 7,17,month,0,2100,2,2,1,0,0,0,0,0,0,0,0,0
1402,Dublin 15,5,month,0,2350,2,3,1,1,1,1,1,1,0,1,1,0
1403,Dublin 5,14,month,0,2650,2,2,1,1,0,0,0,0,0,0,1,0
1404,Dublin 14,4,month,0,1600,1,2,1,0,1,0,0,1,0,0,0,0
1405,Dublin 13,3,month,0,2000,2,2,1,1,1,1,1,1,0,0,1,0
1406,Dublin 8,18,month,0,1650,1,2,0,1,1,0,0,1,0,0,0,0
1407,Dublin 2,8,month,0,1900,1,2,0,0,1,0,0,1,0,0,0,0
1408,Dublin 14,4,month,0,1798,1,2,0,1,1,1,0,1,0,0,1,0
1409,Dublin 8,18,month,0,1785,1,2,1,0,1,1,1,1,0,0,1,0
1410,Dublin 1,0,month,0,2600,2,3,1,1,1,1,1,1,0,0,1,0
1411,Dublin 1,0,month,0,1900,2,2,0,0,1,0,0,1,0,0,1,0
1412,Dublin 9,19,month,0,1900,1,3,1,1,0,1,0,1,0,0,1,0
1413,Dublin Fingal K67,21,month,0,2200,2,3,1,1,1,1,1,1,0,0,1,0
1414,Dublin 6,15,month,0,1400,1,1,1,1,1,0,0,1,0,0,1,0
1415,Dublin 6,15,month,0,1500,1,1,1,1,1,1,0,1,0,0,1,0
1416,Dublin 4,13,month,0,1850,1,1,0,0,0,0,0,0,0,1,0,0
1417,Dublin 2,8,month,0,2700,3,3,0,1,1,1,1,1,0,0,1,0
1418,Dublin 3,12,month,0,1595,1,1,1,1,1,0,1,1,0,0,1,0
1419,Dublin 7,17,month,0,1400,1,1,0,1,1,1,1,1,0,0,1,0
1420,Dublin 4,13,month,0,2000,2,2,1,0,1,1,1,1,0,0,1,0
1421,Dublin 7,17,month,0,1300,1,1,0,0,1,0,0,1,0,0,0,0
1422,Dublin 15,5,month,0,1850,2,2,1,1,1,1,1,0,0,0,1,0
1423,Dublin 2,8,month,0,1600,1,2,1,1,1,1,0,1,0,0,0,0
1424,Dublin 2,8,month,0,1600,1,1,0,1,1,0,0,1,0,0,0,0
1425,Dublin 3,12,month,0,1880,2,2,1,0,0,0,0,0,0,1,0,0
1426,Dublin 18,7,month,0,1750,2,2,1,1,1,1,1,1,0,0,1,1
1427,Dublin 6,15,month,0,1800,1,2,1,1,1,0,0,0,0,0,0,0
1428,Dublin 7,17,month,0,1500,1,2,1,0,0,0,0,0,0,0,0,0
1429,Dublin 2,8,month,0,1570,1,1,0,1,1,1,0,1,0,0,1,0
1430,Dublin 8,18,month,0,1690,1,2,1,0,0,0,0,0,0,0,0,0
1431,Dublin 7,17,month,0,1300,1,1,1,0,0,0,0,0,0,0,0,0
1432,Dublin 6,15,month,0,1350,1,1,1,1,1,0,0,1,0,0,0,1
1433,Dublin 3,12,month,0,1190,1,1,1,1,1,1,0,1,0,0,0,0
1434,Dublin 2,8,month,0,2150,2,2,1,0,0,0,0,0,0,0,0,0
1435,Dublin 7,17,month,0,1875,1,2,1,1,1,1,0,1,0,0,1,0
1436,Dublin 16,6,month,0,1500,1,2,1,0,0,0,0,0,0,0,0,0
1437,Dublin 18,7,month,0,2100,2,2,1,1,1,1,1,1,0,0,1,0
1438,Dublin 8,18,month,0,1600,1,2,0,0,1,1,1,1,0,0,1,0
1439,Dublin 6,15,month,0,1300,1,1,0,0,1,0,0,1,0,0,1,0
1440,Dublin 8,18,week,1,600,1,2,0,1,1,0,1,1,0,0,1,0
1441,Dublin 2,8,month,0,1800,1,2,0,1,1,0,0,1,0,0,0,0
1442,Dublin 1,0,month,0,2000,2,2,0,1,1,0,0,1,0,1,1,0
1443,Dublin 1,0,month,0,1600,1,1,1,1,1,1,0,1,0,0,1,0
1444,Dublin 1,0,month,0,2100,2,2,0,1,0,0,0,1,0,0,1,0
1445,Dublin 8,18,month,0,1850,2,2,0,1,1,0,0,1,0,0,0,0
1446,Dublin 8,18,month,0,2000,1,2,0,0,1,1,0,1,0,0,0,0
1447,Dublin 7,17,month,0,1700,1,1,1,0,1,1,0,1,0,0,0,0
1448,Dublin 18,7,month,0,1800,1,2,1,0,1,1,1,1,0,0,0,0
1449,Dublin 2,8,month,0,3000,2,2,1,1,1,1,1,1,0,0,1,0
1450,Dublin 4,13,month,0,1750,1,2,1,1,1,1,0,1,0,0,1,0
1451,Dublin 4,13,month,0,1550,1,1,1,0,0,0,0,0,0,0,0,0
1452,Dublin 13,3,month,0,1800,2,2,1,1,1,1,1,1,0,0,0,0
1453,Dublin 18,7,month,0,1550,1,1,1,1,1,0,1,0,0,0,1,0
1454,Dublin 3,12,month,0,2700,2,3,0,1,1,1,1,0,0,0,1,0
1455,Dublin 22,10,month,0,1970,2,3,1,0,1,0,1,1,0,0,1,0
1456,Dublin 15,5,month,0,1800,2,2,1,1,1,0,1,1,0,0,0,0
1457,Dublin 1,0,month,0,1350,1,1,0,1,1,0,0,1,0,0,1,1
1458,Dublin 4,13,month,0,2800,3,2,0,1,1,1,1,1,0,0,0,0
1459,Dublin 4,13,month,0,2500,1,2,0,0,1,1,0,0,0,0,0,0
1460,Dublin 1,0,month,0,1875,1,2,1,0,1,1,1,1,0,0,1,0
1461,Dublin 6,15,month,0,1900,1,2,1,1,1,0,1,1,0,0,1,0
1462,Dublin Fingal K36,20,month,0,3300,2,3,1,1,1,1,1,1,0,0,1,0
1463,Dublin 4,13,month,0,3900,2,2,1,1,1,1,1,1,0,0,1,1
1464,Dublin 4,13,month,0,2100,1,2,1,1,1,1,1,1,1,0,1,0
1465,Dublin 4,13,month,0,1395,1,1,1,1,1,0,0,1,0,0,1,0
1466,Dublin 7,17,month,0,2000,2,2,0,1,1,1,1,1,0,1,1,0
1467,Dublin 14,4,month,0,1864,2,2,1,1,1,0,1,1,0,0,1,0
1468,Dublin 3,12,month,0,2850,2,3,1,1,1,1,1,1,0,0,1,0
1469,Dublin 9,19,month,0,2100,2,2,1,1,1,0,0,0,0,0,1,0
1470,Dublin 4,13,month,0,2400,2,2,1,1,1,1,1,0,0,0,1,0
1471,Dublin Fingal K36,20,month,0,2200,2,2,1,1,1,0,0,0,0,0,1,0
1472,Dublin 3,12,month,0,2000,2,2,1,1,1,1,1,0,0,0,1,0
1473,Dublin 4,13,week,1,1500,2,3,1,1,1,1,1,1,0,0,1,0
1474,Dublin Fingal K36,20,month,0,2000,2,2,1,1,1,0,1,0,0,0,1,0
1475,Dublin 16,6,month,0,1950,2,2,1,1,1,0,1,1,0,1,1,0
1476,Dublin 8,18,month,0,2000,1,2,0,1,1,1,0,1,0,0,0,0
1477,Dublin 8,18,month,0,1800,1,2,0,1,1,0,1,1,0,0,0,0
1478,Dublin 9,19,month,0,1850,2,2,1,1,1,1,1,1,0,0,1,0
1479,Dublin 18,7,month,0,1521,1,1,1,1,1,1,1,1,0,0,0,1
1480,Dublin 6,15,month,0,1750,1,2,0,0,1,1,0,1,0,0,0,0
1481,Dublin 6,15,month,0,1250,1,1,0,0,1,1,0,1,0,0,0,0
1482,Dublin 6,15,month,0,1750,1,2,0,0,1,1,0,1,0,0,0,0
1483,Dublin 2,8,month,0,1550,1,1,0,0,1,1,0,1,0,0,0,0
1484,Dublin 6,15,month,0,1350,1,1,0,0,1,1,0,1,0,0,0,0
1485,Dublin 6,15,month,0,1350,1,1,0,0,1,1,0,1,0,0,0,0
1486,Dublin 6,15,month,0,1500,1,1,0,0,1,1,0,1,0,0,0,0
1487,Dublin 8,18,month,0,1900,1,3,0,0,1,1,0,1,0,0,0,0
1488,Dublin 6,15,month,0,1300,1,1,0,0,1,1,0,1,0,0,0,0
1489,Dublin 6,15,month,0,1350,1,1,0,0,1,1,0,1,0,0,0,0
1490,Dublin 6,15,month,0,1450,1,1,1,0,1,1,0,1,0,0,0,0
1491,Dublin 6,15,month,0,1395,1,1,0,0,1,1,0,1,0,0,0,0
1492,Dublin 8,18,month,0,1650,1,1,0,0,1,1,0,1,0,0,0,0
1493,Dublin 6,15,month,0,1900,1,2,0,0,1,1,0,1,0,0,0,0
1494,Dublin 8,18,month,0,1850,1,2,0,0,1,1,0,1,0,0,0,0
1495,Dublin 3,12,month,0,1850,2,2,1,1,1,0,1,1,0,0,0,0
1496,Dublin 4,13,month,0,2000,2,2,1,1,1,0,1,1,0,0,0,1
1497,Dublin 8,18,month,0,1850,1,1,1,1,1,1,1,1,0,0,1,1
1498,Dublin 4,13,month,0,1450,1,1,1,1,1,1,0,1,0,0,0,1
1499,Dublin 8,18,month,0,1850,1,2,1,1,1,1,1,1,0,0,1,1
1500,Dublin 1,0,month,0,1800,1,2,0,1,1,1,0,1,0,0,1,1
1501,Dublin 4,13,month,0,2000,1,2,0,1,1,1,1,1,0,0,0,1
1502,Dublin 3,12,month,0,1800,1,2,1,0,1,1,0,1,0,0,1,0
1503,Dublin 1,0,month,0,1400,1,2,1,0,0,0,0,0,0,0,0,0
1504,Dublin 7,17,month,0,1250,1,1,0,1,1,0,0,0,0,0,1,0
1505,Dublin 13,3,month,0,2600,2,3,1,1,1,1,1,1,0,0,1,0
1506,Dublin 1,0,month,0,1975,2,2,0,0,1,1,1,1,0,0,1,1
1507,Dublin 1,0,month,0,1885,1,2,1,0,1,1,0,1,0,0,1,0
1508,Dublin 4,13,month,0,1450,1,2,1,0,1,0,0,1,0,0,0,0
1509,Dublin 4,13,month,0,2250,2,2,1,1,1,0,1,1,0,0,0,0
1510,Dublin 11,1,month,0,1600,2,2,1,1,1,1,0,1,0,0,1,1
1511,Dublin 4,13,month,0,1400,1,1,0,1,1,0,0,0,0,0,0,0
1512,Dublin 8,18,month,0,2000,2,2,0,1,1,0,1,1,0,0,1,1
1513,Dublin 7,17,month,0,1100,1,1,1,1,1,0,0,1,0,0,0,0
1514,Dublin 2,8,month,0,1320,1,1,0,1,0,0,0,0,0,0,0,0
1515,Dublin 2,8,month,0,1300,1,1,0,1,1,0,0,0,0,0,0,0
1516,Dublin 7,17,month,0,1300,1,2,0,1,1,0,0,1,0,0,0,0
1517,Dun Laoghaire A94,22,month,0,1600,1,1,1,1,1,1,1,0,0,0,0,1
1518,Dublin 4,13,month,0,2450,2,2,1,1,1,1,1,1,0,0,1,1
1519,Dublin 4,13,month,0,1900,1,1,0,1,1,1,1,1,0,0,1,1
1520,Dublin 1,0,month,0,2000,2,2,0,1,1,0,0,1,0,0,1,0
1521,Dublin 8,18,month,0,1517,1,1,1,1,1,1,1,1,0,0,1,0
1522,Dublin 24,11,month,0,1350,1,1,1,1,1,0,1,0,0,0,1,0
1523,South Dublin K78,25,month,0,1750,2,2,1,1,1,0,0,0,0,0,0,0
1524,Dublin 18,7,month,0,1700,1,1,1,1,1,0,0,1,0,0,1,0
1525,Dublin 6W,16,month,0,1800,2,2,1,1,1,1,1,1,0,0,1,0
1526,Dublin 2,8,month,0,2000,1,1,0,1,1,1,1,1,0,0,1,0
1527,Dublin 24,11,month,0,1350,1,1,1,1,1,0,1,0,0,0,1,0
1528,South Dublin K78,25,month,0,1750,2,2,1,1,1,0,0,0,0,0,0,0
1529,Dublin 18,7,month,0,1700,1,1,1,1,1,0,0,1,0,0,1,0
1530,Dublin 6W,16,month,0,1800,2,2,1,1,1,1,1,1,0,0,1,0
1531,Dublin 2,8,month,0,2000,1,1,0,1,1,1,1,1,0,0,1,0
1532,Dublin 2,8,month,0,2700,2,2,0,1,1,1,1,1,0,0,1,1
1533,Dublin 9,19,month,0,1650,1,1,1,1,1,1,0,1,0,0,1,0
1534,Dublin 2,8,month,0,2400,1,2,1,0,1,1,1,1,0,0,1,1
1535,Dublin 1,0,month,0,1500,1,1,1,1,1,0,1,0,0,0,1,1
1536,Dublin 4,13,month,0,1675,1,1,1,1,1,0,1,1,0,0,1,0
1537,Dublin 2,8,month,0,1575,2,1,0,1,1,1,0,1,0,0,0,0
1538,Dublin 4,13,month,0,2500,2,2,1,1,1,1,1,1,0,1,1,0
1539,Dublin 8,18,month,0,2000,2,2,0,0,0,0,0,0,0,1,0,0
1540,Dublin 1,0,month,0,1600,1,2,0,1,1,1,0,1,0,0,0,0
1541,Dublin 1,0,month,0,1600,1,2,0,1,1,0,0,1,0,0,0,0
1542,Dublin 1,0,month,0,1900,1,2,0,1,1,1,0,1,0,0,1,0
1543,Dublin 1,0,month,0,1800,1,2,0,1,1,0,0,1,0,0,0,0
1544,Dublin 1,0,month,0,1700,1,2,0,1,1,0,0,1,0,0,0,0
1545,Dublin 7,17,month,0,1500,1,1,0,1,1,0,0,1,0,0,1,1
1546,Dublin 1,0,month,0,1400,1,1,0,1,1,0,0,1,0,0,0,0
1547,Dublin 1,0,month,0,2100,2,2,1,0,1,1,0,1,0,0,0,1
1548,Dublin 1,0,month,0,2250,2,3,1,0,1,0,1,1,0,0,0,0
1549,Dublin 1,0,month,0,2250,2,2,1,0,1,1,1,0,0,0,1,0
1550,Dublin 4,13,month,0,1950,1,1,1,1,1,1,1,1,0,0,1,0
1551,Dublin 2,8,month,0,1350,1,1,0,1,1,0,0,1,0,0,0,0
1552,Dublin 2,8,month,0,1650,1,2,0,1,1,0,0,1,0,0,0,0
1553,Dublin 24,11,month,0,2000,2,2,0,1,1,0,0,1,0,0,0,0
1554,Dublin 6,15,month,0,1750,1,1,1,0,0,0,0,0,0,0,0,0
1555,Dublin 4,13,month,0,2250,1,2,1,0,1,1,0,1,0,0,0,0
1556,Dublin 2,8,month,0,1350,1,1,0,1,1,0,0,1,0,0,0,0
1557,Dublin 18,7,month,0,1850,2,2,1,1,1,0,1,1,0,0,1,1
1558,Dublin 18,7,month,0,2000,2,2,1,1,1,0,0,0,0,0,1,0
1559,Dublin 6,15,month,0,2000,1,2,1,1,1,1,1,1,0,0,1,0
1560,Dublin 8,18,month,0,1750,1,2,1,1,1,1,1,1,0,0,1,0
1561,Dublin 8,18,month,0,1565,1,1,0,1,1,1,1,1,0,0,1,0
1562,Dublin 3,12,month,0,1880,1,2,1,1,1,1,1,1,0,0,0,0
1563,Dublin 8,18,month,0,1600,1,2,1,1,1,1,0,1,0,1,0,1
1564,Dublin 18,7,month,0,1400,1,1,1,1,1,0,1,1,0,0,1,0
1565,Dublin 2,8,month,0,1900,1,2,1,1,1,0,1,1,0,0,1,0
1566,Dublin 9,19,month,0,2200,2,2,1,1,1,1,1,1,0,1,1,1
1567,Dublin 4,13,month,0,2100,1,2,1,1,1,1,1,1,0,0,1,0
1568,Dublin 18,7,month,0,1900,2,2,1,1,1,1,1,1,0,0,1,0
1569,Dublin 4,13,month,0,1900,1,2,1,0,0,0,0,0,0,0,0,0
1570,Dublin 3,12,month,0,1700,2,2,1,1,1,1,1,0,0,0,0,0
1571,Dublin 6,15,month,0,1500,1,1,1,1,1,0,0,1,0,1,0,1
1572,Dublin 4,13,month,0,2100,1,2,1,1,1,1,1,1,0,0,0,0
1573,Dun Laoghaire A9X,24,month,0,2600,2,3,1,1,1,0,1,1,0,0,1,1
1574,Dublin 6W,16,month,0,1190,1,1,1,1,1,1,0,1,0,0,0,0
1575,Dublin 8,18,month,0,2000,2,2,1,1,1,1,1,1,0,0,1,0
1576,Dublin 14,4,month,0,2000,2,2,1,0,0,0,0,0,0,0,0,0
1577,Dublin 22,10,month,0,1675,2,2,1,1,1,0,0,0,0,0,1,0
1578,Dublin 1,0,month,0,2100,2,2,1,1,1,0,0,1,0,0,1,0
1579,Dublin 22,10,month,0,1975,2,2,1,1,1,0,0,0,0,0,1,0
1580,Dublin 22,10,month,0,1850,1,2,1,1,1,0,0,0,0,0,1,0
1581,Dublin 4,13,month,0,2250,2,2,1,1,1,1,1,1,0,0,1,0
1582,Dublin 6,15,month,0,1200,1,1,1,0,0,0,0,0,0,0,0,0
1583,Dublin 9,19,month,0,1700,2,2,1,0,0,0,0,0,0,1,0,0
1584,Dublin 1,0,month,0,1800,1,2,0,1,1,1,0,1,0,0,0,1
1585,Dublin 1,0,month,0,1775,1,2,0,1,1,1,0,1,0,0,0,0
1586,Dublin 1,0,week,1,390,1,2,0,1,1,1,0,1,0,0,0,0
1587,Dublin 1,0,month,0,1800,1,2,0,1,1,1,0,1,0,0,0,0
1588,Dublin 12,2,month,0,1600,2,2,1,1,0,0,1,1,0,0,1,0
1589,Dublin 16,6,month,0,1900,2,2,1,1,1,1,1,1,0,0,0,0
1590,Dublin 2,8,month,0,2000,1,1,0,1,1,1,1,1,0,1,1,0
1591,Dublin 2,8,month,0,2000,1,2,1,1,1,0,0,0,0,0,0,0
1592,Dublin 8,18,month,0,1790,1,2,1,1,1,1,0,0,0,0,1,0
1593,Dublin 4,13,month,0,2900,2,3,1,1,1,0,0,1,0,0,1,1
1594,Dublin 4,13,month,0,1950,1,2,1,0,0,0,0,0,1,1,0,0
1595,Dublin 4,13,month,0,1800,1,2,1,1,1,1,0,1,0,0,1,0
1596,Dublin 4,13,month,0,1820,1,1,0,1,1,0,0,1,0,0,0,0
1597,Dublin 6,15,month,0,2550,2,3,1,1,1,1,1,1,0,0,1,1
1598,Dun Laoghaire A94,22,month,0,1790,2,2,1,1,1,1,1,1,0,0,1,0
1599,Dublin 14,4,month,0,2850,2,3,1,1,1,0,1,1,0,0,1,0
1600,Dun Laoghaire A94,22,month,0,2100,1,2,1,1,1,0,1,1,0,0,1,0
1601,Dublin Fingal K67,21,month,0,1400,1,1,1,1,1,1,1,1,0,1,0,0
1602,Dublin 6,15,month,0,1800,1,1,0,1,1,0,1,1,0,0,1,0
1603,Dublin Fingal K67,21,month,0,1600,1,2,1,1,1,0,1,1,0,0,1,0
1604,Dublin 15,5,month,0,1850,1,2,1,0,1,1,0,1,0,0,1,0
1605,Dublin Fingal K67,21,month,0,1450,1,2,1,1,1,1,0,1,0,0,0,0
1606,Dublin 11,1,month,0,1600,2,2,1,0,1,0,0,1,0,0,1,0
1607,Dublin 22,10,month,0,1595,1,2,1,0,1,1,1,1,0,0,0,0
1608,Dublin 6,15,month,0,1595,1,2,1,1,1,0,1,1,0,0,1,0
1609,Dublin 4,13,month,0,1895,1,2,1,1,1,0,1,1,0,0,0,0
1610,Dublin 8,18,month,0,1700,1,2,0,0,1,0,0,1,0,0,1,0
1611,Dublin 18,7,month,0,2100,2,2,1,1,1,0,1,1,0,0,1,0
1612,Dun Laoghaire A96,23,month,0,1900,1,2,1,1,1,1,1,1,0,0,0,0
1613,Dublin 1,0,month,0,1900,1,2,1,1,1,1,0,1,0,0,1,0
1614,Dublin Fingal K67,21,month,0,1380,2,2,1,1,1,0,1,1,0,0,1,0
1615,Dublin 13,3,month,0,1695,2,2,1,1,1,1,1,0,0,0,0,1
1616,Dun Laoghaire A9X,24,month,0,2000,2,2,1,1,1,1,1,1,0,0,0,0
1617,Dublin 8,18,month,0,1300,1,1,0,1,1,0,0,1,0,0,0,0
1618,Dublin 2,8,month,0,2750,2,2,0,1,1,1,1,1,0,0,1,0
1619,Dublin 1,0,month,0,1600,1,2,0,1,1,1,0,1,0,0,0,0
1620,Dublin 4,13,month,0,2500,2,2,1,1,1,1,1,1,0,0,0,0
1621,Dublin 1,0,month,0,2050,1,2,1,1,1,0,1,1,0,0,1,1
1622,Dublin Fingal K36,20,month,0,2250,1,2,1,1,1,1,1,1,0,0,1,0
1623,Dublin 11,1,month,0,1400,1,1,1,1,1,1,1,1,0,0,1,0
1624,Dublin 7,17,month,0,900,1,1,0,1,1,1,0,1,1,0,1,0
1625,Dublin 1,0,month,0,1250,1,1,1,1,1,0,0,1,0,0,1,0
1626,Dublin 8,18,month,0,1700,1,1,0,1,1,0,0,1,0,0,0,1
1627,Dublin Fingal K67,21,month,0,1590,1,2,1,0,1,0,1,1,0,1,1,1
